
DROP TABLE IF EXISTS `field_body`;
CREATE TABLE `field_body` (
  `pages_id` int(10) unsigned NOT NULL,
  `data` mediumtext NOT NULL,
  PRIMARY KEY (`pages_id`),
  FULLTEXT KEY `data` (`data`)
) ENGINE=MyISAM DEFAULT CHARSET=utf8;

INSERT INTO `field_body` (pages_id, data) VALUES('27', '<h3>The page you were looking for is not found.</h3>\r\n<p>Please use our search engine or navigation above to find the page.</p>');

DROP TABLE IF EXISTS `field_disablechildren`;
CREATE TABLE `field_disablechildren` (
  `pages_id` int(10) unsigned NOT NULL,
  `data` tinyint(4) NOT NULL,
  PRIMARY KEY (`pages_id`),
  KEY `data` (`data`)
) ENGINE=MyISAM DEFAULT CHARSET=utf8;

INSERT INTO `field_disablechildren` (pages_id, data) VALUES('1', '1');

DROP TABLE IF EXISTS `field_fieldset`;
CREATE TABLE `field_fieldset` (
  `pages_id` int(10) unsigned NOT NULL,
  `data` int(11) NOT NULL,
  PRIMARY KEY (`pages_id`),
  KEY `data` (`data`)
) ENGINE=MyISAM DEFAULT CHARSET=utf8;


DROP TABLE IF EXISTS `field_fieldset2`;
CREATE TABLE `field_fieldset2` (
  `pages_id` int(10) unsigned NOT NULL,
  `data` int(11) NOT NULL,
  PRIMARY KEY (`pages_id`),
  KEY `data` (`data`)
) ENGINE=MyISAM DEFAULT CHARSET=utf8;


DROP TABLE IF EXISTS `field_fieldset2_end`;
CREATE TABLE `field_fieldset2_end` (
  `pages_id` int(10) unsigned NOT NULL,
  `data` int(11) NOT NULL,
  PRIMARY KEY (`pages_id`),
  KEY `data` (`data`)
) ENGINE=MyISAM DEFAULT CHARSET=utf8;


DROP TABLE IF EXISTS `field_fieldset_end`;
CREATE TABLE `field_fieldset_end` (
  `pages_id` int(10) unsigned NOT NULL,
  `data` int(11) NOT NULL,
  PRIMARY KEY (`pages_id`),
  KEY `data` (`data`)
) ENGINE=MyISAM DEFAULT CHARSET=utf8;


DROP TABLE IF EXISTS `field_files`;
CREATE TABLE `field_files` (
  `pages_id` int(10) unsigned NOT NULL,
  `data` varchar(255) NOT NULL,
  `sort` int(10) unsigned NOT NULL,
  `description` text NOT NULL,
  PRIMARY KEY (`pages_id`,`sort`),
  KEY `data` (`data`),
  FULLTEXT KEY `description` (`description`)
) ENGINE=MyISAM DEFAULT CHARSET=utf8;


DROP TABLE IF EXISTS `field_headline`;
CREATE TABLE `field_headline` (
  `pages_id` int(10) unsigned NOT NULL,
  `data` text NOT NULL,
  PRIMARY KEY (`pages_id`),
  FULLTEXT KEY `data` (`data`)
) ENGINE=MyISAM DEFAULT CHARSET=utf8;

INSERT INTO `field_headline` (pages_id, data) VALUES('1003', 'A page with columns if the widgets are rendered');

DROP TABLE IF EXISTS `field_images`;
CREATE TABLE `field_images` (
  `pages_id` int(10) unsigned NOT NULL,
  `data` varchar(255) NOT NULL,
  `sort` int(10) unsigned NOT NULL,
  `description` text NOT NULL,
  `tags` varchar(255) NOT NULL,
  PRIMARY KEY (`pages_id`,`sort`),
  KEY `data` (`data`),
  FULLTEXT KEY `description` (`description`),
  FULLTEXT KEY `tags` (`tags`)
) ENGINE=MyISAM DEFAULT CHARSET=utf8;


DROP TABLE IF EXISTS `field_metadescription`;
CREATE TABLE `field_metadescription` (
  `pages_id` int(10) unsigned NOT NULL,
  `data` mediumtext NOT NULL,
  PRIMARY KEY (`pages_id`),
  FULLTEXT KEY `data` (`data`)
) ENGINE=MyISAM DEFAULT CHARSET=utf8;


DROP TABLE IF EXISTS `field_position`;
CREATE TABLE `field_position` (
  `pages_id` int(10) unsigned NOT NULL,
  `data` int(11) NOT NULL,
  `sort` int(10) unsigned NOT NULL,
  PRIMARY KEY (`pages_id`,`sort`),
  KEY `data` (`data`,`pages_id`,`sort`)
) ENGINE=MyISAM DEFAULT CHARSET=utf8;

INSERT INTO `field_position` (pages_id, data, sort) VALUES('1007', '1010', '0');
INSERT INTO `field_position` (pages_id, data, sort) VALUES('1012', '1011', '0');

INSERT INTO `field_process` (pages_id, data) VALUES('6', '17') ON DUPLICATE KEY UPDATE pages_id=VALUES(pages_id), data=VALUES(data);
INSERT INTO `field_process` (pages_id, data) VALUES('3', '12') ON DUPLICATE KEY UPDATE pages_id=VALUES(pages_id), data=VALUES(data);
INSERT INTO `field_process` (pages_id, data) VALUES('8', '12') ON DUPLICATE KEY UPDATE pages_id=VALUES(pages_id), data=VALUES(data);
INSERT INTO `field_process` (pages_id, data) VALUES('9', '14') ON DUPLICATE KEY UPDATE pages_id=VALUES(pages_id), data=VALUES(data);
INSERT INTO `field_process` (pages_id, data) VALUES('10', '7') ON DUPLICATE KEY UPDATE pages_id=VALUES(pages_id), data=VALUES(data);
INSERT INTO `field_process` (pages_id, data) VALUES('11', '47') ON DUPLICATE KEY UPDATE pages_id=VALUES(pages_id), data=VALUES(data);
INSERT INTO `field_process` (pages_id, data) VALUES('16', '48') ON DUPLICATE KEY UPDATE pages_id=VALUES(pages_id), data=VALUES(data);
INSERT INTO `field_process` (pages_id, data) VALUES('300', '104') ON DUPLICATE KEY UPDATE pages_id=VALUES(pages_id), data=VALUES(data);
INSERT INTO `field_process` (pages_id, data) VALUES('21', '50') ON DUPLICATE KEY UPDATE pages_id=VALUES(pages_id), data=VALUES(data);
INSERT INTO `field_process` (pages_id, data) VALUES('29', '66') ON DUPLICATE KEY UPDATE pages_id=VALUES(pages_id), data=VALUES(data);
INSERT INTO `field_process` (pages_id, data) VALUES('23', '10') ON DUPLICATE KEY UPDATE pages_id=VALUES(pages_id), data=VALUES(data);
INSERT INTO `field_process` (pages_id, data) VALUES('304', '138') ON DUPLICATE KEY UPDATE pages_id=VALUES(pages_id), data=VALUES(data);
INSERT INTO `field_process` (pages_id, data) VALUES('31', '136') ON DUPLICATE KEY UPDATE pages_id=VALUES(pages_id), data=VALUES(data);
INSERT INTO `field_process` (pages_id, data) VALUES('22', '76') ON DUPLICATE KEY UPDATE pages_id=VALUES(pages_id), data=VALUES(data);
INSERT INTO `field_process` (pages_id, data) VALUES('30', '68') ON DUPLICATE KEY UPDATE pages_id=VALUES(pages_id), data=VALUES(data);
INSERT INTO `field_process` (pages_id, data) VALUES('303', '129') ON DUPLICATE KEY UPDATE pages_id=VALUES(pages_id), data=VALUES(data);
INSERT INTO `field_process` (pages_id, data) VALUES('2', '87') ON DUPLICATE KEY UPDATE pages_id=VALUES(pages_id), data=VALUES(data);
INSERT INTO `field_process` (pages_id, data) VALUES('302', '121') ON DUPLICATE KEY UPDATE pages_id=VALUES(pages_id), data=VALUES(data);
INSERT INTO `field_process` (pages_id, data) VALUES('301', '109') ON DUPLICATE KEY UPDATE pages_id=VALUES(pages_id), data=VALUES(data);
INSERT INTO `field_process` (pages_id, data) VALUES('28', '76') ON DUPLICATE KEY UPDATE pages_id=VALUES(pages_id), data=VALUES(data);
INSERT INTO `field_process` (pages_id, data) VALUES('1013', '148') ON DUPLICATE KEY UPDATE pages_id=VALUES(pages_id), data=VALUES(data);
INSERT INTO `field_process` (pages_id, data) VALUES('1014', '150') ON DUPLICATE KEY UPDATE pages_id=VALUES(pages_id), data=VALUES(data);
INSERT INTO `field_process` (pages_id, data) VALUES('1015', '151') ON DUPLICATE KEY UPDATE pages_id=VALUES(pages_id), data=VALUES(data);

DROP TABLE IF EXISTS `field_renderfiles`;
CREATE TABLE `field_renderfiles` (
  `pages_id` int(10) unsigned NOT NULL,
  `data` tinyint(4) NOT NULL,
  PRIMARY KEY (`pages_id`),
  KEY `data` (`data`)
) ENGINE=MyISAM DEFAULT CHARSET=utf8;


INSERT INTO `field_title` (pages_id, data) VALUES('1', 'Home') ON DUPLICATE KEY UPDATE pages_id=VALUES(pages_id), data=VALUES(data);
INSERT INTO `field_title` (pages_id, data) VALUES('1000', 'Search') ON DUPLICATE KEY UPDATE pages_id=VALUES(pages_id), data=VALUES(data);
INSERT INTO `field_title` (pages_id, data) VALUES('1003', 'Basic-Page') ON DUPLICATE KEY UPDATE pages_id=VALUES(pages_id), data=VALUES(data);
INSERT INTO `field_title` (pages_id, data) VALUES('1006', 'Widgets') ON DUPLICATE KEY UPDATE pages_id=VALUES(pages_id), data=VALUES(data);
INSERT INTO `field_title` (pages_id, data) VALUES('1007', 'Left widget') ON DUPLICATE KEY UPDATE pages_id=VALUES(pages_id), data=VALUES(data);
INSERT INTO `field_title` (pages_id, data) VALUES('1008', 'Settings') ON DUPLICATE KEY UPDATE pages_id=VALUES(pages_id), data=VALUES(data);
INSERT INTO `field_title` (pages_id, data) VALUES('1009', 'Position left or right') ON DUPLICATE KEY UPDATE pages_id=VALUES(pages_id), data=VALUES(data);
INSERT INTO `field_title` (pages_id, data) VALUES('1010', 'Left') ON DUPLICATE KEY UPDATE pages_id=VALUES(pages_id), data=VALUES(data);
INSERT INTO `field_title` (pages_id, data) VALUES('1011', 'Right') ON DUPLICATE KEY UPDATE pages_id=VALUES(pages_id), data=VALUES(data);
INSERT INTO `field_title` (pages_id, data) VALUES('1012', 'Right widget') ON DUPLICATE KEY UPDATE pages_id=VALUES(pages_id), data=VALUES(data);
INSERT INTO `field_title` (pages_id, data) VALUES('1013', 'ModulesManager') ON DUPLICATE KEY UPDATE pages_id=VALUES(pages_id), data=VALUES(data);
INSERT INTO `field_title` (pages_id, data) VALUES('1014', 'Selector test') ON DUPLICATE KEY UPDATE pages_id=VALUES(pages_id), data=VALUES(data);
INSERT INTO `field_title` (pages_id, data) VALUES('1015', 'Export Site Profile') ON DUPLICATE KEY UPDATE pages_id=VALUES(pages_id), data=VALUES(data);

DROP TABLE IF EXISTS `field_widgetsleft`;
CREATE TABLE `field_widgetsleft` (
  `pages_id` int(10) unsigned NOT NULL,
  `data` int(11) NOT NULL,
  `sort` int(10) unsigned NOT NULL,
  PRIMARY KEY (`pages_id`,`sort`),
  KEY `data` (`data`,`pages_id`,`sort`)
) ENGINE=MyISAM DEFAULT CHARSET=utf8;


DROP TABLE IF EXISTS `field_widgetsright`;
CREATE TABLE `field_widgetsright` (
  `pages_id` int(10) unsigned NOT NULL,
  `data` int(11) NOT NULL,
  `sort` int(10) unsigned NOT NULL,
  PRIMARY KEY (`pages_id`,`sort`),
  KEY `data` (`data`,`pages_id`,`sort`)
) ENGINE=MyISAM DEFAULT CHARSET=utf8;


INSERT INTO `fieldgroups` (id, name) VALUES('1', 'home') ON DUPLICATE KEY UPDATE id=VALUES(id), name=VALUES(name);
INSERT INTO `fieldgroups` (id, name) VALUES('83', 'basic-page') ON DUPLICATE KEY UPDATE id=VALUES(id), name=VALUES(name);
INSERT INTO `fieldgroups` (id, name) VALUES('80', 'search') ON DUPLICATE KEY UPDATE id=VALUES(id), name=VALUES(name);
INSERT INTO `fieldgroups` (id, name) VALUES('97', 'setting') ON DUPLICATE KEY UPDATE id=VALUES(id), name=VALUES(name);
INSERT INTO `fieldgroups` (id, name) VALUES('98', 'settings') ON DUPLICATE KEY UPDATE id=VALUES(id), name=VALUES(name);
INSERT INTO `fieldgroups` (id, name) VALUES('99', 'widget-one') ON DUPLICATE KEY UPDATE id=VALUES(id), name=VALUES(name);
INSERT INTO `fieldgroups` (id, name) VALUES('100', 'widgets') ON DUPLICATE KEY UPDATE id=VALUES(id), name=VALUES(name);
INSERT INTO `fieldgroups` (id, name) VALUES('101', 'widget-two') ON DUPLICATE KEY UPDATE id=VALUES(id), name=VALUES(name);

INSERT INTO `fieldgroups_fields` (fieldgroups_id, fields_id, sort, data) VALUES('2', '2', '1', '') ON DUPLICATE KEY UPDATE fieldgroups_id=VALUES(fieldgroups_id), fields_id=VALUES(fields_id), sort=VALUES(sort), data=VALUES(data);
INSERT INTO `fieldgroups_fields` (fieldgroups_id, fields_id, sort, data) VALUES('2', '1', '0', '') ON DUPLICATE KEY UPDATE fieldgroups_id=VALUES(fieldgroups_id), fields_id=VALUES(fields_id), sort=VALUES(sort), data=VALUES(data);
INSERT INTO `fieldgroups_fields` (fieldgroups_id, fields_id, sort, data) VALUES('3', '3', '0', '') ON DUPLICATE KEY UPDATE fieldgroups_id=VALUES(fieldgroups_id), fields_id=VALUES(fields_id), sort=VALUES(sort), data=VALUES(data);
INSERT INTO `fieldgroups_fields` (fieldgroups_id, fields_id, sort, data) VALUES('3', '4', '2', '') ON DUPLICATE KEY UPDATE fieldgroups_id=VALUES(fieldgroups_id), fields_id=VALUES(fields_id), sort=VALUES(sort), data=VALUES(data);
INSERT INTO `fieldgroups_fields` (fieldgroups_id, fields_id, sort, data) VALUES('4', '5', '0', '') ON DUPLICATE KEY UPDATE fieldgroups_id=VALUES(fieldgroups_id), fields_id=VALUES(fields_id), sort=VALUES(sort), data=VALUES(data);
INSERT INTO `fieldgroups_fields` (fieldgroups_id, fields_id, sort, data) VALUES('5', '1', '0', '') ON DUPLICATE KEY UPDATE fieldgroups_id=VALUES(fieldgroups_id), fields_id=VALUES(fields_id), sort=VALUES(sort), data=VALUES(data);
INSERT INTO `fieldgroups_fields` (fieldgroups_id, fields_id, sort, data) VALUES('3', '92', '1', '') ON DUPLICATE KEY UPDATE fieldgroups_id=VALUES(fieldgroups_id), fields_id=VALUES(fields_id), sort=VALUES(sort), data=VALUES(data);
INSERT INTO `fieldgroups_fields` (fieldgroups_id, fields_id, sort, data) VALUES('80', '1', '0', '') ON DUPLICATE KEY UPDATE fieldgroups_id=VALUES(fieldgroups_id), fields_id=VALUES(fields_id), sort=VALUES(sort), data=VALUES(data);
INSERT INTO `fieldgroups_fields` (fieldgroups_id, fields_id, sort, data) VALUES('1', '103', '13', '') ON DUPLICATE KEY UPDATE fieldgroups_id=VALUES(fieldgroups_id), fields_id=VALUES(fields_id), sort=VALUES(sort), data=VALUES(data);
INSERT INTO `fieldgroups_fields` (fieldgroups_id, fields_id, sort, data) VALUES('1', '44', '12', '') ON DUPLICATE KEY UPDATE fieldgroups_id=VALUES(fieldgroups_id), fields_id=VALUES(fields_id), sort=VALUES(sort), data=VALUES(data);
INSERT INTO `fieldgroups_fields` (fieldgroups_id, fields_id, sort, data) VALUES('97', '1', '0', '') ON DUPLICATE KEY UPDATE fieldgroups_id=VALUES(fieldgroups_id), fields_id=VALUES(fields_id), sort=VALUES(sort), data=VALUES(data);
INSERT INTO `fieldgroups_fields` (fieldgroups_id, fields_id, sort, data) VALUES('98', '1', '0', '') ON DUPLICATE KEY UPDATE fieldgroups_id=VALUES(fieldgroups_id), fields_id=VALUES(fields_id), sort=VALUES(sort), data=VALUES(data);
INSERT INTO `fieldgroups_fields` (fieldgroups_id, fields_id, sort, data) VALUES('99', '1', '0', '{\"columnWidth\":75}') ON DUPLICATE KEY UPDATE fieldgroups_id=VALUES(fieldgroups_id), fields_id=VALUES(fields_id), sort=VALUES(sort), data=VALUES(data);
INSERT INTO `fieldgroups_fields` (fieldgroups_id, fields_id, sort, data) VALUES('100', '1', '0', '') ON DUPLICATE KEY UPDATE fieldgroups_id=VALUES(fieldgroups_id), fields_id=VALUES(fields_id), sort=VALUES(sort), data=VALUES(data);
INSERT INTO `fieldgroups_fields` (fieldgroups_id, fields_id, sort, data) VALUES('83', '103', '13', '') ON DUPLICATE KEY UPDATE fieldgroups_id=VALUES(fieldgroups_id), fields_id=VALUES(fields_id), sort=VALUES(sort), data=VALUES(data);
INSERT INTO `fieldgroups_fields` (fieldgroups_id, fields_id, sort, data) VALUES('83', '44', '12', '') ON DUPLICATE KEY UPDATE fieldgroups_id=VALUES(fieldgroups_id), fields_id=VALUES(fields_id), sort=VALUES(sort), data=VALUES(data);
INSERT INTO `fieldgroups_fields` (fieldgroups_id, fields_id, sort, data) VALUES('1', '106', '11', '') ON DUPLICATE KEY UPDATE fieldgroups_id=VALUES(fieldgroups_id), fields_id=VALUES(fields_id), sort=VALUES(sort), data=VALUES(data);
INSERT INTO `fieldgroups_fields` (fieldgroups_id, fields_id, sort, data) VALUES('83', '106', '11', '') ON DUPLICATE KEY UPDATE fieldgroups_id=VALUES(fieldgroups_id), fields_id=VALUES(fields_id), sort=VALUES(sort), data=VALUES(data);
INSERT INTO `fieldgroups_fields` (fieldgroups_id, fields_id, sort, data) VALUES('1', '105', '10', '') ON DUPLICATE KEY UPDATE fieldgroups_id=VALUES(fieldgroups_id), fields_id=VALUES(fields_id), sort=VALUES(sort), data=VALUES(data);
INSERT INTO `fieldgroups_fields` (fieldgroups_id, fields_id, sort, data) VALUES('83', '105', '10', '') ON DUPLICATE KEY UPDATE fieldgroups_id=VALUES(fieldgroups_id), fields_id=VALUES(fields_id), sort=VALUES(sort), data=VALUES(data);
INSERT INTO `fieldgroups_fields` (fieldgroups_id, fields_id, sort, data) VALUES('83', '104', '9', '') ON DUPLICATE KEY UPDATE fieldgroups_id=VALUES(fieldgroups_id), fields_id=VALUES(fields_id), sort=VALUES(sort), data=VALUES(data);
INSERT INTO `fieldgroups_fields` (fieldgroups_id, fields_id, sort, data) VALUES('1', '104', '9', '') ON DUPLICATE KEY UPDATE fieldgroups_id=VALUES(fieldgroups_id), fields_id=VALUES(fields_id), sort=VALUES(sort), data=VALUES(data);
INSERT INTO `fieldgroups_fields` (fieldgroups_id, fields_id, sort, data) VALUES('101', '1', '0', '{\"columnWidth\":75}') ON DUPLICATE KEY UPDATE fieldgroups_id=VALUES(fieldgroups_id), fields_id=VALUES(fields_id), sort=VALUES(sort), data=VALUES(data);
INSERT INTO `fieldgroups_fields` (fieldgroups_id, fields_id, sort, data) VALUES('83', '99', '8', '{\"columnWidth\":50}') ON DUPLICATE KEY UPDATE fieldgroups_id=VALUES(fieldgroups_id), fields_id=VALUES(fields_id), sort=VALUES(sort), data=VALUES(data);
INSERT INTO `fieldgroups_fields` (fieldgroups_id, fields_id, sort, data) VALUES('83', '98', '7', '{\"columnWidth\":50}') ON DUPLICATE KEY UPDATE fieldgroups_id=VALUES(fieldgroups_id), fields_id=VALUES(fields_id), sort=VALUES(sort), data=VALUES(data);
INSERT INTO `fieldgroups_fields` (fieldgroups_id, fields_id, sort, data) VALUES('83', '102', '6', '{\"columnWidth\":40}') ON DUPLICATE KEY UPDATE fieldgroups_id=VALUES(fieldgroups_id), fields_id=VALUES(fields_id), sort=VALUES(sort), data=VALUES(data);
INSERT INTO `fieldgroups_fields` (fieldgroups_id, fields_id, sort, data) VALUES('83', '101', '5', '') ON DUPLICATE KEY UPDATE fieldgroups_id=VALUES(fieldgroups_id), fields_id=VALUES(fields_id), sort=VALUES(sort), data=VALUES(data);
INSERT INTO `fieldgroups_fields` (fieldgroups_id, fields_id, sort, data) VALUES('83', '76', '4', '') ON DUPLICATE KEY UPDATE fieldgroups_id=VALUES(fieldgroups_id), fields_id=VALUES(fields_id), sort=VALUES(sort), data=VALUES(data);
INSERT INTO `fieldgroups_fields` (fieldgroups_id, fields_id, sort, data) VALUES('83', '79', '3', '') ON DUPLICATE KEY UPDATE fieldgroups_id=VALUES(fieldgroups_id), fields_id=VALUES(fields_id), sort=VALUES(sort), data=VALUES(data);
INSERT INTO `fieldgroups_fields` (fieldgroups_id, fields_id, sort, data) VALUES('83', '78', '2', '{\"columnWidth\":75}') ON DUPLICATE KEY UPDATE fieldgroups_id=VALUES(fieldgroups_id), fields_id=VALUES(fields_id), sort=VALUES(sort), data=VALUES(data);
INSERT INTO `fieldgroups_fields` (fieldgroups_id, fields_id, sort, data) VALUES('1', '99', '8', '{\"columnWidth\":50}') ON DUPLICATE KEY UPDATE fieldgroups_id=VALUES(fieldgroups_id), fields_id=VALUES(fields_id), sort=VALUES(sort), data=VALUES(data);
INSERT INTO `fieldgroups_fields` (fieldgroups_id, fields_id, sort, data) VALUES('1', '98', '7', '{\"columnWidth\":50}') ON DUPLICATE KEY UPDATE fieldgroups_id=VALUES(fieldgroups_id), fields_id=VALUES(fields_id), sort=VALUES(sort), data=VALUES(data);
INSERT INTO `fieldgroups_fields` (fieldgroups_id, fields_id, sort, data) VALUES('83', '1', '1', '{\"columnWidth\":25}') ON DUPLICATE KEY UPDATE fieldgroups_id=VALUES(fieldgroups_id), fields_id=VALUES(fields_id), sort=VALUES(sort), data=VALUES(data);
INSERT INTO `fieldgroups_fields` (fieldgroups_id, fields_id, sort, data) VALUES('83', '100', '0', '{\"columnWidth\":60}') ON DUPLICATE KEY UPDATE fieldgroups_id=VALUES(fieldgroups_id), fields_id=VALUES(fields_id), sort=VALUES(sort), data=VALUES(data);
INSERT INTO `fieldgroups_fields` (fieldgroups_id, fields_id, sort, data) VALUES('1', '102', '6', '{\"columnWidth\":40}') ON DUPLICATE KEY UPDATE fieldgroups_id=VALUES(fieldgroups_id), fields_id=VALUES(fields_id), sort=VALUES(sort), data=VALUES(data);
INSERT INTO `fieldgroups_fields` (fieldgroups_id, fields_id, sort, data) VALUES('1', '101', '5', '') ON DUPLICATE KEY UPDATE fieldgroups_id=VALUES(fieldgroups_id), fields_id=VALUES(fields_id), sort=VALUES(sort), data=VALUES(data);
INSERT INTO `fieldgroups_fields` (fieldgroups_id, fields_id, sort, data) VALUES('1', '76', '4', '') ON DUPLICATE KEY UPDATE fieldgroups_id=VALUES(fieldgroups_id), fields_id=VALUES(fields_id), sort=VALUES(sort), data=VALUES(data);
INSERT INTO `fieldgroups_fields` (fieldgroups_id, fields_id, sort, data) VALUES('1', '79', '3', '') ON DUPLICATE KEY UPDATE fieldgroups_id=VALUES(fieldgroups_id), fields_id=VALUES(fields_id), sort=VALUES(sort), data=VALUES(data);
INSERT INTO `fieldgroups_fields` (fieldgroups_id, fields_id, sort, data) VALUES('1', '78', '2', '{\"columnWidth\":75}') ON DUPLICATE KEY UPDATE fieldgroups_id=VALUES(fieldgroups_id), fields_id=VALUES(fields_id), sort=VALUES(sort), data=VALUES(data);
INSERT INTO `fieldgroups_fields` (fieldgroups_id, fields_id, sort, data) VALUES('1', '1', '1', '{\"columnWidth\":25}') ON DUPLICATE KEY UPDATE fieldgroups_id=VALUES(fieldgroups_id), fields_id=VALUES(fields_id), sort=VALUES(sort), data=VALUES(data);
INSERT INTO `fieldgroups_fields` (fieldgroups_id, fields_id, sort, data) VALUES('1', '100', '0', '{\"columnWidth\":60}') ON DUPLICATE KEY UPDATE fieldgroups_id=VALUES(fieldgroups_id), fields_id=VALUES(fields_id), sort=VALUES(sort), data=VALUES(data);
INSERT INTO `fieldgroups_fields` (fieldgroups_id, fields_id, sort, data) VALUES('99', '97', '1', '{\"columnWidth\":25}') ON DUPLICATE KEY UPDATE fieldgroups_id=VALUES(fieldgroups_id), fields_id=VALUES(fields_id), sort=VALUES(sort), data=VALUES(data);
INSERT INTO `fieldgroups_fields` (fieldgroups_id, fields_id, sort, data) VALUES('101', '97', '1', '{\"columnWidth\":25}') ON DUPLICATE KEY UPDATE fieldgroups_id=VALUES(fieldgroups_id), fields_id=VALUES(fields_id), sort=VALUES(sort), data=VALUES(data);

INSERT INTO `fields` (id, type, name, flags, label, data) VALUES('97', 'FieldtypePage', 'position', '0', 'Position', '{\"derefAsPage\":1,\"parent_id\":1009,\"labelFieldName\":\"title\",\"inputfield\":\"InputfieldSelect\",\"template_id\":43,\"optionColumns\":0}') ON DUPLICATE KEY UPDATE id=VALUES(id), type=VALUES(type), name=VALUES(name), flags=VALUES(flags), label=VALUES(label), data=VALUES(data);
INSERT INTO `fields` (id, type, name, flags, label, data) VALUES('98', 'FieldtypePage', 'widgetsLeft', '0', 'Widgets left column', '{\"derefAsPage\":0,\"parent_id\":1,\"labelFieldName\":\"title\",\"inputfield\":\"InputfieldCheckboxes\",\"findPagesSelector\":\"parent=\\/widgets\\/, position=left, sort=position\",\"optionColumns\":0,\"description\":\"Checked widget(s) are hidden.\"}') ON DUPLICATE KEY UPDATE id=VALUES(id), type=VALUES(type), name=VALUES(name), flags=VALUES(flags), label=VALUES(label), data=VALUES(data);
INSERT INTO `fields` (id, type, name, flags, label, data) VALUES('99', 'FieldtypePage', 'widgetsRight', '0', 'Widgets right column', '{\"derefAsPage\":0,\"parent_id\":1,\"labelFieldName\":\"title\",\"inputfield\":\"InputfieldCheckboxes\",\"findPagesSelector\":\"parent=\\/widgets\\/, position=right, sort=position\",\"optionColumns\":0,\"description\":\"Checked widget(s) are hidden.\"}') ON DUPLICATE KEY UPDATE id=VALUES(id), type=VALUES(type), name=VALUES(name), flags=VALUES(flags), label=VALUES(label), data=VALUES(data);
INSERT INTO `fields` (id, type, name, flags, label, data) VALUES('100', 'FieldtypeFieldsetOpen', 'fieldset', '0', 'Content', '') ON DUPLICATE KEY UPDATE id=VALUES(id), type=VALUES(type), name=VALUES(name), flags=VALUES(flags), label=VALUES(label), data=VALUES(data);
INSERT INTO `fields` (id, type, name, flags, label, data) VALUES('101', 'FieldtypeFieldsetClose', 'fieldset_END', '0', 'Close an open fieldset', '{\"description\":\"This field was added automatically to accompany fieldset \'fieldset\'. It should be placed in your template\\/fieldgroup wherever you want the fieldset to end.\"}') ON DUPLICATE KEY UPDATE id=VALUES(id), type=VALUES(type), name=VALUES(name), flags=VALUES(flags), label=VALUES(label), data=VALUES(data);
INSERT INTO `fields` (id, type, name, flags, label, data) VALUES('44', 'FieldtypeImage', 'images', '0', 'Images', '{\"extensions\":\"gif jpg jpeg png\",\"entityEncode\":1,\"adminThumbs\":1,\"inputfieldClass\":\"InputfieldImage\",\"maxFiles\":0,\"descriptionRows\":1,\"useTags\":1,\"maxWidth\":1024,\"maxHeight\":1024,\"fileSchema\":1}') ON DUPLICATE KEY UPDATE id=VALUES(id), type=VALUES(type), name=VALUES(name), flags=VALUES(flags), label=VALUES(label), data=VALUES(data);
INSERT INTO `fields` (id, type, name, flags, label, data) VALUES('79', 'FieldtypeTextarea', 'metaDescription', '0', 'Meta Description', '{\"textformatters\":[\"TextformatterEntities\"],\"inputfieldClass\":\"InputfieldTextarea\",\"collapsed\":2,\"rows\":2,\"description\":\"The meta description often appears in Google search results to describe the link.\",\"stripTags\":1}') ON DUPLICATE KEY UPDATE id=VALUES(id), type=VALUES(type), name=VALUES(name), flags=VALUES(flags), label=VALUES(label), data=VALUES(data);
INSERT INTO `fields` (id, type, name, flags, label, data) VALUES('76', 'FieldtypeTextarea', 'body', '0', 'Body', '{\"inputfieldClass\":\"InputfieldTinyMCE\",\"rows\":25,\"theme_advanced_buttons1\":\"formatselect,|,bold,italic,|,bullist,numlist,|,link,unlink,|,image,|,code,|,fullscreen\",\"theme_advanced_blockformats\":\"p,h2,h3,h4,blockquote,pre\",\"plugins\":\"inlinepopups,safari,media,paste,fullscreen\",\"valid_elements\":\"@[id|class],a[href|target|name],strong\\/b,em\\/i,br,img[src|id|class|width|height|alt],ul,ol,li,p[class],h2,h3,h4,blockquote,-p,-table[border=0|cellspacing|cellpadding|width|frame|rules|height|align|summary|bgcolor|background|bordercolor],-tr[rowspan|width|height|align|valign|bgcolor|background|bordercolor],tbody,thead,tfoot,#td[colspan|rowspan|width|height|align|valign|bgcolor|background|bordercolor|scope],#th[colspan|rowspan|width|height|align|valign|scope],code,pre\"}') ON DUPLICATE KEY UPDATE id=VALUES(id), type=VALUES(type), name=VALUES(name), flags=VALUES(flags), label=VALUES(label), data=VALUES(data);
INSERT INTO `fields` (id, type, name, flags, label, data) VALUES('78', 'FieldtypeText', 'headline', '0', 'Headline', '{\"description\":\"Use this instead of the Title if a longer headline is needed.\",\"textformatters\":[\"TextformatterEntities\"],\"size\":0,\"maxlength\":1024}') ON DUPLICATE KEY UPDATE id=VALUES(id), type=VALUES(type), name=VALUES(name), flags=VALUES(flags), label=VALUES(label), data=VALUES(data);
INSERT INTO `fields` (id, type, name, flags, label, data) VALUES('102', 'FieldtypeFieldsetOpen', 'fieldset2', '0', 'Additional', '') ON DUPLICATE KEY UPDATE id=VALUES(id), type=VALUES(type), name=VALUES(name), flags=VALUES(flags), label=VALUES(label), data=VALUES(data);
INSERT INTO `fields` (id, type, name, flags, label, data) VALUES('103', 'FieldtypeFieldsetClose', 'fieldset2_END', '0', 'Close an open fieldset', '{\"description\":\"This field was added automatically to accompany fieldset \'fieldset2\'. It should be placed in your template\\/fieldgroup wherever you want the fieldset to end.\"}') ON DUPLICATE KEY UPDATE id=VALUES(id), type=VALUES(type), name=VALUES(name), flags=VALUES(flags), label=VALUES(label), data=VALUES(data);
INSERT INTO `fields` (id, type, name, flags, label, data) VALUES('104', 'FieldtypeCheckbox', 'disableChildren', '0', 'Disable link to children', '{\"description\":\"Disable link to children list on the page.\",\"columnWidth\":50}') ON DUPLICATE KEY UPDATE id=VALUES(id), type=VALUES(type), name=VALUES(name), flags=VALUES(flags), label=VALUES(label), data=VALUES(data);
INSERT INTO `fields` (id, type, name, flags, label, data) VALUES('105', 'FieldtypeCheckbox', 'renderFiles', '0', 'Files', '{\"description\":\"If checked all files are listed on the page.\",\"columnWidth\":50}') ON DUPLICATE KEY UPDATE id=VALUES(id), type=VALUES(type), name=VALUES(name), flags=VALUES(flags), label=VALUES(label), data=VALUES(data);
INSERT INTO `fields` (id, type, name, flags, label, data) VALUES('106', 'FieldtypeFile', 'files', '0', 'Files', '{\"extensions\":\"pdf doc docx xls xlsx gif jpg jpeg png\",\"maxFiles\":0,\"inputfieldClass\":\"InputfieldFile\",\"descriptionRows\":1}') ON DUPLICATE KEY UPDATE id=VALUES(id), type=VALUES(type), name=VALUES(name), flags=VALUES(flags), label=VALUES(label), data=VALUES(data);

INSERT INTO `modules` (id, class, flags, data) VALUES('148', 'ModulesManager', '1', '') ON DUPLICATE KEY UPDATE id=VALUES(id), class=VALUES(class), flags=VALUES(flags), data=VALUES(data);
INSERT INTO `modules` (id, class, flags, data) VALUES('150', 'ProcessSelectorTest', '1', '') ON DUPLICATE KEY UPDATE id=VALUES(id), class=VALUES(class), flags=VALUES(flags), data=VALUES(data);
INSERT INTO `modules` (id, class, flags, data) VALUES('151', 'ProcessExportProfile', '1', '') ON DUPLICATE KEY UPDATE id=VALUES(id), class=VALUES(class), flags=VALUES(flags), data=VALUES(data);
INSERT INTO `modules` (id, class, flags, data) VALUES('152', 'MarkupPageFields', '3', '') ON DUPLICATE KEY UPDATE id=VALUES(id), class=VALUES(class), flags=VALUES(flags), data=VALUES(data);

INSERT INTO `pages` (id, parent_id, templates_id, name, status, modified, modified_users_id, created, created_users_id, sort) VALUES('1', '0', '1', 'home', '9', '2013-01-02 19:55:09', '41', '0000-00-00 00:00:00', '2', '0') ON DUPLICATE KEY UPDATE id=VALUES(id), parent_id=VALUES(parent_id), templates_id=VALUES(templates_id), name=VALUES(name), status=VALUES(status), modified=VALUES(modified), modified_users_id=VALUES(modified_users_id), created=VALUES(created), created_users_id=VALUES(created_users_id), sort=VALUES(sort);
INSERT INTO `pages` (id, parent_id, templates_id, name, status, modified, modified_users_id, created, created_users_id, sort) VALUES('27', '1', '29', 'http404', '1035', '2012-12-24 12:07:57', '41', '2010-06-03 06:53:03', '3', '4') ON DUPLICATE KEY UPDATE id=VALUES(id), parent_id=VALUES(parent_id), templates_id=VALUES(templates_id), name=VALUES(name), status=VALUES(status), modified=VALUES(modified), modified_users_id=VALUES(modified_users_id), created=VALUES(created), created_users_id=VALUES(created_users_id), sort=VALUES(sort);
INSERT INTO `pages` (id, parent_id, templates_id, name, status, modified, modified_users_id, created, created_users_id, sort) VALUES('1000', '1', '26', 'search', '1025', '2011-08-31 19:17:38', '41', '2010-09-06 05:05:28', '2', '3') ON DUPLICATE KEY UPDATE id=VALUES(id), parent_id=VALUES(parent_id), templates_id=VALUES(templates_id), name=VALUES(name), status=VALUES(status), modified=VALUES(modified), modified_users_id=VALUES(modified_users_id), created=VALUES(created), created_users_id=VALUES(created_users_id), sort=VALUES(sort);
INSERT INTO `pages` (id, parent_id, templates_id, name, status, modified, modified_users_id, created, created_users_id, sort) VALUES('1003', '1', '29', 'basic-page', '1', '2013-01-02 19:52:20', '41', '2010-10-26 01:59:44', '2', '1') ON DUPLICATE KEY UPDATE id=VALUES(id), parent_id=VALUES(parent_id), templates_id=VALUES(templates_id), name=VALUES(name), status=VALUES(status), modified=VALUES(modified), modified_users_id=VALUES(modified_users_id), created=VALUES(created), created_users_id=VALUES(created_users_id), sort=VALUES(sort);
INSERT INTO `pages` (id, parent_id, templates_id, name, status, modified, modified_users_id, created, created_users_id, sort) VALUES('1006', '1', '46', 'widgets', '1025', '2012-12-25 10:51:24', '41', '2012-12-24 21:51:47', '41', '7') ON DUPLICATE KEY UPDATE id=VALUES(id), parent_id=VALUES(parent_id), templates_id=VALUES(templates_id), name=VALUES(name), status=VALUES(status), modified=VALUES(modified), modified_users_id=VALUES(modified_users_id), created=VALUES(created), created_users_id=VALUES(created_users_id), sort=VALUES(sort);
INSERT INTO `pages` (id, parent_id, templates_id, name, status, modified, modified_users_id, created, created_users_id, sort) VALUES('1007', '1006', '45', 'left-widget', '1', '2013-01-02 19:50:49', '41', '2012-12-24 21:52:24', '41', '0') ON DUPLICATE KEY UPDATE id=VALUES(id), parent_id=VALUES(parent_id), templates_id=VALUES(templates_id), name=VALUES(name), status=VALUES(status), modified=VALUES(modified), modified_users_id=VALUES(modified_users_id), created=VALUES(created), created_users_id=VALUES(created_users_id), sort=VALUES(sort);
INSERT INTO `pages` (id, parent_id, templates_id, name, status, modified, modified_users_id, created, created_users_id, sort) VALUES('1008', '2', '2', 'settings', '1025', '2012-12-25 10:19:01', '41', '2012-12-24 21:53:20', '41', '6') ON DUPLICATE KEY UPDATE id=VALUES(id), parent_id=VALUES(parent_id), templates_id=VALUES(templates_id), name=VALUES(name), status=VALUES(status), modified=VALUES(modified), modified_users_id=VALUES(modified_users_id), created=VALUES(created), created_users_id=VALUES(created_users_id), sort=VALUES(sort);
INSERT INTO `pages` (id, parent_id, templates_id, name, status, modified, modified_users_id, created, created_users_id, sort) VALUES('1009', '1008', '44', 'left-or-right', '1', '2012-12-25 10:33:27', '41', '2012-12-25 10:33:27', '41', '0') ON DUPLICATE KEY UPDATE id=VALUES(id), parent_id=VALUES(parent_id), templates_id=VALUES(templates_id), name=VALUES(name), status=VALUES(status), modified=VALUES(modified), modified_users_id=VALUES(modified_users_id), created=VALUES(created), created_users_id=VALUES(created_users_id), sort=VALUES(sort);
INSERT INTO `pages` (id, parent_id, templates_id, name, status, modified, modified_users_id, created, created_users_id, sort) VALUES('1010', '1009', '43', 'left', '1', '2012-12-25 10:34:06', '41', '2012-12-25 10:34:06', '41', '0') ON DUPLICATE KEY UPDATE id=VALUES(id), parent_id=VALUES(parent_id), templates_id=VALUES(templates_id), name=VALUES(name), status=VALUES(status), modified=VALUES(modified), modified_users_id=VALUES(modified_users_id), created=VALUES(created), created_users_id=VALUES(created_users_id), sort=VALUES(sort);
INSERT INTO `pages` (id, parent_id, templates_id, name, status, modified, modified_users_id, created, created_users_id, sort) VALUES('1011', '1009', '43', 'right', '1', '2012-12-25 10:35:10', '41', '2012-12-25 10:35:04', '41', '1') ON DUPLICATE KEY UPDATE id=VALUES(id), parent_id=VALUES(parent_id), templates_id=VALUES(templates_id), name=VALUES(name), status=VALUES(status), modified=VALUES(modified), modified_users_id=VALUES(modified_users_id), created=VALUES(created), created_users_id=VALUES(created_users_id), sort=VALUES(sort);
INSERT INTO `pages` (id, parent_id, templates_id, name, status, modified, modified_users_id, created, created_users_id, sort) VALUES('1012', '1006', '47', 'right-widget', '1', '2013-01-02 19:51:18', '41', '2012-12-25 19:39:29', '41', '1') ON DUPLICATE KEY UPDATE id=VALUES(id), parent_id=VALUES(parent_id), templates_id=VALUES(templates_id), name=VALUES(name), status=VALUES(status), modified=VALUES(modified), modified_users_id=VALUES(modified_users_id), created=VALUES(created), created_users_id=VALUES(created_users_id), sort=VALUES(sort);
INSERT INTO `pages` (id, parent_id, templates_id, name, status, modified, modified_users_id, created, created_users_id, sort) VALUES('1013', '22', '2', 'modulesmanager', '1', '2012-12-29 20:02:08', '41', '2012-12-26 21:34:39', '41', '3') ON DUPLICATE KEY UPDATE id=VALUES(id), parent_id=VALUES(parent_id), templates_id=VALUES(templates_id), name=VALUES(name), status=VALUES(status), modified=VALUES(modified), modified_users_id=VALUES(modified_users_id), created=VALUES(created), created_users_id=VALUES(created_users_id), sort=VALUES(sort);
INSERT INTO `pages` (id, parent_id, templates_id, name, status, modified, modified_users_id, created, created_users_id, sort) VALUES('1014', '22', '2', 'selector-test', '1', '2012-12-26 21:47:32', '41', '2012-12-26 21:47:32', '41', '2') ON DUPLICATE KEY UPDATE id=VALUES(id), parent_id=VALUES(parent_id), templates_id=VALUES(templates_id), name=VALUES(name), status=VALUES(status), modified=VALUES(modified), modified_users_id=VALUES(modified_users_id), created=VALUES(created), created_users_id=VALUES(created_users_id), sort=VALUES(sort);
INSERT INTO `pages` (id, parent_id, templates_id, name, status, modified, modified_users_id, created, created_users_id, sort) VALUES('1015', '22', '2', 'export-site-profile', '1', '2012-12-27 10:18:49', '41', '2012-12-27 10:18:49', '41', '4') ON DUPLICATE KEY UPDATE id=VALUES(id), parent_id=VALUES(parent_id), templates_id=VALUES(templates_id), name=VALUES(name), status=VALUES(status), modified=VALUES(modified), modified_users_id=VALUES(modified_users_id), created=VALUES(created), created_users_id=VALUES(created_users_id), sort=VALUES(sort);

INSERT INTO `pages_access` (pages_id, templates_id, ts) VALUES('37', '2', '2012-12-25 19:38:34') ON DUPLICATE KEY UPDATE pages_id=VALUES(pages_id), templates_id=VALUES(templates_id), ts=VALUES(ts);
INSERT INTO `pages_access` (pages_id, templates_id, ts) VALUES('38', '2', '2012-12-25 19:38:34') ON DUPLICATE KEY UPDATE pages_id=VALUES(pages_id), templates_id=VALUES(templates_id), ts=VALUES(ts);
INSERT INTO `pages_access` (pages_id, templates_id, ts) VALUES('32', '2', '2012-12-25 19:38:34') ON DUPLICATE KEY UPDATE pages_id=VALUES(pages_id), templates_id=VALUES(templates_id), ts=VALUES(ts);
INSERT INTO `pages_access` (pages_id, templates_id, ts) VALUES('34', '2', '2012-12-25 19:38:34') ON DUPLICATE KEY UPDATE pages_id=VALUES(pages_id), templates_id=VALUES(templates_id), ts=VALUES(ts);
INSERT INTO `pages_access` (pages_id, templates_id, ts) VALUES('35', '2', '2012-12-25 19:38:34') ON DUPLICATE KEY UPDATE pages_id=VALUES(pages_id), templates_id=VALUES(templates_id), ts=VALUES(ts);
INSERT INTO `pages_access` (pages_id, templates_id, ts) VALUES('36', '2', '2012-12-25 19:38:34') ON DUPLICATE KEY UPDATE pages_id=VALUES(pages_id), templates_id=VALUES(templates_id), ts=VALUES(ts);
INSERT INTO `pages_access` (pages_id, templates_id, ts) VALUES('50', '2', '2012-12-25 19:38:34') ON DUPLICATE KEY UPDATE pages_id=VALUES(pages_id), templates_id=VALUES(templates_id), ts=VALUES(ts);
INSERT INTO `pages_access` (pages_id, templates_id, ts) VALUES('51', '2', '2012-12-25 19:38:34') ON DUPLICATE KEY UPDATE pages_id=VALUES(pages_id), templates_id=VALUES(templates_id), ts=VALUES(ts);
INSERT INTO `pages_access` (pages_id, templates_id, ts) VALUES('52', '2', '2012-12-25 19:38:34') ON DUPLICATE KEY UPDATE pages_id=VALUES(pages_id), templates_id=VALUES(templates_id), ts=VALUES(ts);
INSERT INTO `pages_access` (pages_id, templates_id, ts) VALUES('53', '2', '2012-12-25 19:38:34') ON DUPLICATE KEY UPDATE pages_id=VALUES(pages_id), templates_id=VALUES(templates_id), ts=VALUES(ts);
INSERT INTO `pages_access` (pages_id, templates_id, ts) VALUES('54', '2', '2012-12-25 19:38:34') ON DUPLICATE KEY UPDATE pages_id=VALUES(pages_id), templates_id=VALUES(templates_id), ts=VALUES(ts);
INSERT INTO `pages_access` (pages_id, templates_id, ts) VALUES('1012', '1', '2012-12-25 19:39:29') ON DUPLICATE KEY UPDATE pages_id=VALUES(pages_id), templates_id=VALUES(templates_id), ts=VALUES(ts);

INSERT INTO `pages_parents` (pages_id, parents_id) VALUES('2', '1') ON DUPLICATE KEY UPDATE pages_id=VALUES(pages_id), parents_id=VALUES(parents_id);
INSERT INTO `pages_parents` (pages_id, parents_id) VALUES('3', '1') ON DUPLICATE KEY UPDATE pages_id=VALUES(pages_id), parents_id=VALUES(parents_id);
INSERT INTO `pages_parents` (pages_id, parents_id) VALUES('3', '2') ON DUPLICATE KEY UPDATE pages_id=VALUES(pages_id), parents_id=VALUES(parents_id);
INSERT INTO `pages_parents` (pages_id, parents_id) VALUES('7', '1') ON DUPLICATE KEY UPDATE pages_id=VALUES(pages_id), parents_id=VALUES(parents_id);
INSERT INTO `pages_parents` (pages_id, parents_id) VALUES('22', '1') ON DUPLICATE KEY UPDATE pages_id=VALUES(pages_id), parents_id=VALUES(parents_id);
INSERT INTO `pages_parents` (pages_id, parents_id) VALUES('22', '2') ON DUPLICATE KEY UPDATE pages_id=VALUES(pages_id), parents_id=VALUES(parents_id);
INSERT INTO `pages_parents` (pages_id, parents_id) VALUES('28', '1') ON DUPLICATE KEY UPDATE pages_id=VALUES(pages_id), parents_id=VALUES(parents_id);
INSERT INTO `pages_parents` (pages_id, parents_id) VALUES('28', '2') ON DUPLICATE KEY UPDATE pages_id=VALUES(pages_id), parents_id=VALUES(parents_id);
INSERT INTO `pages_parents` (pages_id, parents_id) VALUES('29', '1') ON DUPLICATE KEY UPDATE pages_id=VALUES(pages_id), parents_id=VALUES(parents_id);
INSERT INTO `pages_parents` (pages_id, parents_id) VALUES('29', '2') ON DUPLICATE KEY UPDATE pages_id=VALUES(pages_id), parents_id=VALUES(parents_id);
INSERT INTO `pages_parents` (pages_id, parents_id) VALUES('29', '28') ON DUPLICATE KEY UPDATE pages_id=VALUES(pages_id), parents_id=VALUES(parents_id);
INSERT INTO `pages_parents` (pages_id, parents_id) VALUES('30', '1') ON DUPLICATE KEY UPDATE pages_id=VALUES(pages_id), parents_id=VALUES(parents_id);
INSERT INTO `pages_parents` (pages_id, parents_id) VALUES('30', '2') ON DUPLICATE KEY UPDATE pages_id=VALUES(pages_id), parents_id=VALUES(parents_id);
INSERT INTO `pages_parents` (pages_id, parents_id) VALUES('30', '28') ON DUPLICATE KEY UPDATE pages_id=VALUES(pages_id), parents_id=VALUES(parents_id);
INSERT INTO `pages_parents` (pages_id, parents_id) VALUES('31', '1') ON DUPLICATE KEY UPDATE pages_id=VALUES(pages_id), parents_id=VALUES(parents_id);
INSERT INTO `pages_parents` (pages_id, parents_id) VALUES('31', '2') ON DUPLICATE KEY UPDATE pages_id=VALUES(pages_id), parents_id=VALUES(parents_id);
INSERT INTO `pages_parents` (pages_id, parents_id) VALUES('31', '28') ON DUPLICATE KEY UPDATE pages_id=VALUES(pages_id), parents_id=VALUES(parents_id);
INSERT INTO `pages_parents` (pages_id, parents_id) VALUES('1003', '1') ON DUPLICATE KEY UPDATE pages_id=VALUES(pages_id), parents_id=VALUES(parents_id);
INSERT INTO `pages_parents` (pages_id, parents_id) VALUES('1006', '1') ON DUPLICATE KEY UPDATE pages_id=VALUES(pages_id), parents_id=VALUES(parents_id);
INSERT INTO `pages_parents` (pages_id, parents_id) VALUES('1008', '1') ON DUPLICATE KEY UPDATE pages_id=VALUES(pages_id), parents_id=VALUES(parents_id);
INSERT INTO `pages_parents` (pages_id, parents_id) VALUES('1008', '2') ON DUPLICATE KEY UPDATE pages_id=VALUES(pages_id), parents_id=VALUES(parents_id);
INSERT INTO `pages_parents` (pages_id, parents_id) VALUES('1009', '1') ON DUPLICATE KEY UPDATE pages_id=VALUES(pages_id), parents_id=VALUES(parents_id);
INSERT INTO `pages_parents` (pages_id, parents_id) VALUES('1009', '2') ON DUPLICATE KEY UPDATE pages_id=VALUES(pages_id), parents_id=VALUES(parents_id);
INSERT INTO `pages_parents` (pages_id, parents_id) VALUES('1009', '1008') ON DUPLICATE KEY UPDATE pages_id=VALUES(pages_id), parents_id=VALUES(parents_id);



INSERT INTO `templates` (id, name, fieldgroups_id, flags, cache_time, data) VALUES('1', 'home', '1', '0', '0', '{\"useRoles\":1,\"noParents\":1,\"childTemplates\":[29],\"slashUrls\":1,\"roles\":[37]}') ON DUPLICATE KEY UPDATE id=VALUES(id), name=VALUES(name), fieldgroups_id=VALUES(fieldgroups_id), flags=VALUES(flags), cache_time=VALUES(cache_time), data=VALUES(data);
INSERT INTO `templates` (id, name, fieldgroups_id, flags, cache_time, data) VALUES('29', 'basic-page', '83', '0', '0', '{\"childTemplates\":[29],\"parentTemplates\":[1,29],\"slashUrls\":1}') ON DUPLICATE KEY UPDATE id=VALUES(id), name=VALUES(name), fieldgroups_id=VALUES(fieldgroups_id), flags=VALUES(flags), cache_time=VALUES(cache_time), data=VALUES(data);
INSERT INTO `templates` (id, name, fieldgroups_id, flags, cache_time, data) VALUES('26', 'search', '80', '0', '0', '{\"noChildren\":1,\"noParents\":1,\"allowPageNum\":1,\"slashUrls\":1}') ON DUPLICATE KEY UPDATE id=VALUES(id), name=VALUES(name), fieldgroups_id=VALUES(fieldgroups_id), flags=VALUES(flags), cache_time=VALUES(cache_time), data=VALUES(data);
INSERT INTO `templates` (id, name, fieldgroups_id, flags, cache_time, data) VALUES('43', 'setting', '97', '0', '0', '{\"slashUrls\":1}') ON DUPLICATE KEY UPDATE id=VALUES(id), name=VALUES(name), fieldgroups_id=VALUES(fieldgroups_id), flags=VALUES(flags), cache_time=VALUES(cache_time), data=VALUES(data);
INSERT INTO `templates` (id, name, fieldgroups_id, flags, cache_time, data) VALUES('44', 'settings', '98', '0', '0', '{\"useRoles\":1,\"slashUrls\":1,\"roles\":[37]}') ON DUPLICATE KEY UPDATE id=VALUES(id), name=VALUES(name), fieldgroups_id=VALUES(fieldgroups_id), flags=VALUES(flags), cache_time=VALUES(cache_time), data=VALUES(data);
INSERT INTO `templates` (id, name, fieldgroups_id, flags, cache_time, data) VALUES('45', 'widget-one', '99', '0', '0', '{\"slashUrls\":1,\"pageLabelField\":\"template.name position.title title\"}') ON DUPLICATE KEY UPDATE id=VALUES(id), name=VALUES(name), fieldgroups_id=VALUES(fieldgroups_id), flags=VALUES(flags), cache_time=VALUES(cache_time), data=VALUES(data);
INSERT INTO `templates` (id, name, fieldgroups_id, flags, cache_time, data) VALUES('46', 'widgets', '100', '0', '0', '{\"slashUrls\":1}') ON DUPLICATE KEY UPDATE id=VALUES(id), name=VALUES(name), fieldgroups_id=VALUES(fieldgroups_id), flags=VALUES(flags), cache_time=VALUES(cache_time), data=VALUES(data);
INSERT INTO `templates` (id, name, fieldgroups_id, flags, cache_time, data) VALUES('47', 'widget-two', '101', '0', '0', '{\"slashUrls\":1,\"pageLabelField\":\"template.name position.title title\"}') ON DUPLICATE KEY UPDATE id=VALUES(id), name=VALUES(name), fieldgroups_id=VALUES(fieldgroups_id), flags=VALUES(flags), cache_time=VALUES(cache_time), data=VALUES(data);
