
DROP TABLE IF EXISTS `field_body`;
CREATE TABLE `field_body` (
  `pages_id` int(10) unsigned NOT NULL,
  `data` mediumtext NOT NULL,
  PRIMARY KEY (`pages_id`),
  FULLTEXT KEY `data` (`data`)
) ENGINE=MyISAM DEFAULT CHARSET=utf8;

INSERT INTO `field_body` (pages_id, data) VALUES('27', '<h3>The page you were looking for is not found.</h3>\r\n<p>Please use our search engine or navigation above to find the page.</p>');
INSERT INTO `field_body` (pages_id, data) VALUES('1', '<h3>Ligula Dapibus Purus</h3><p>Aenean eu leo quam. Pellentesque ornare sem lacinia quam venenatis vestibulum. Cras justo odio, dapibus ac facilisis in, egestas eget quam. Fusce dapibus, tellus ac cursus commodo, tortor mauris condimentum nibh, ut fermentum massa justo sit amet risus. Cum sociis natoque penatibus et magnis dis parturient montes, nascetur ridiculus mus. Nullam quis risus eget urna mollis ornare vel eu leo. Maecenas sed diam eget risus varius blandit sit amet non magna.</p>');
INSERT INTO `field_body` (pages_id, data) VALUES('1016', '<p>Sed posuere consectetur est at lobortis. Maecenas sed diam eget risus varius blandit sit amet non magna. Cras mattis consectetur purus sit amet fermentum.</p>');
INSERT INTO `field_body` (pages_id, data) VALUES('1014', '<p>Donec ullamcorper nulla non metus auctor fringilla. Praesent commodo cursus magna, vel scelerisque nisl consectetur et. Aenean eu leo quam. Pellentesque ornare sem lacinia quam venenatis vestibulum. Maecenas faucibus mollis interdum. Vivamus sagittis lacus vel augue laoreet rutrum faucibus dolor auctor. Aenean lacinia bibendum nulla sed consectetur. Integer posuere erat a ante venenatis dapibus posuere velit aliquet.</p>');
INSERT INTO `field_body` (pages_id, data) VALUES('1015', '<h2>Malesuada Mattis</h2><p><a href=\"/site/assets/files/1015/clouds.jpg\"><img class=\"align_left\" src=\"/site/assets/files/1015/clouds.402x0.jpg\" width=\"402\" height=\"269\" alt=\"\" /></a></p><p>Praesent commodo cursus magna, vel scelerisque nisl consectetur et. Sed posuere consectetur est at lobortis. Curabitur blandit tempus porttitor. Maecenas faucibus mollis interdum. Cras mattis consectetur purus sit amet fermentum. Integer posuere erat a ante venenatis dapibus posuere velit aliquet. Donec id elit non mi porta gravida at eget metus.</p><p><img class=\"align_right\" src=\"/site/assets/files/1015/snowy.254x0.jpg\" width=\"254\" height=\"338\" alt=\"\" />Donec id elit non mi porta gravida at eget metus. Sed posuere consectetur est at lobortis. Lorem ipsum dolor sit amet, consectetur adipiscing elit. Duis mollis, est non commodo luctus, nisi erat porttitor ligula, eget lacinia odio sem nec elit. Vivamus sagittis lacus vel augue laoreet rutrum faucibus dolor auctor. Morbi leo risus, porta ac consectetur ac, vestibulum at eros.</p><ul><li>Porta Vulputate</li><li>Ridiculus Bibendum</li><li>Euismod Inceptos</li></ul>');

DROP TABLE IF EXISTS `field_checkbox`;
CREATE TABLE `field_checkbox` (
  `pages_id` int(10) unsigned NOT NULL,
  `data` tinyint(4) NOT NULL,
  PRIMARY KEY (`pages_id`),
  KEY `data` (`data`)
) ENGINE=MyISAM DEFAULT CHARSET=utf8;


DROP TABLE IF EXISTS `field_columns`;
CREATE TABLE `field_columns` (
  `pages_id` int(10) unsigned NOT NULL,
  `data` int(11) NOT NULL DEFAULT '0',
  `data_max` int(11) NOT NULL DEFAULT '0',
  PRIMARY KEY (`pages_id`),
  KEY `data` (`data`),
  KEY `data_range` (`data`,`data_max`)
) ENGINE=MyISAM DEFAULT CHARSET=utf8;

INSERT INTO `field_columns` (pages_id, data, data_max) VALUES('1009', '3', '9');

DROP TABLE IF EXISTS `field_content`;
CREATE TABLE `field_content` (
  `pages_id` int(10) unsigned NOT NULL,
  `data` int(11) NOT NULL,
  PRIMARY KEY (`pages_id`),
  KEY `data` (`data`)
) ENGINE=MyISAM DEFAULT CHARSET=utf8;


DROP TABLE IF EXISTS `field_content_end`;
CREATE TABLE `field_content_end` (
  `pages_id` int(10) unsigned NOT NULL,
  `data` int(11) NOT NULL,
  PRIMARY KEY (`pages_id`),
  KEY `data` (`data`)
) ENGINE=MyISAM DEFAULT CHARSET=utf8;


DROP TABLE IF EXISTS `field_headline`;
CREATE TABLE `field_headline` (
  `pages_id` int(10) unsigned NOT NULL,
  `data` text NOT NULL,
  PRIMARY KEY (`pages_id`),
  FULLTEXT KEY `data` (`data`)
) ENGINE=MyISAM DEFAULT CHARSET=utf8;

INSERT INTO `field_headline` (pages_id, data) VALUES('1', 'Homepage');

DROP TABLE IF EXISTS `field_images`;
CREATE TABLE `field_images` (
  `pages_id` int(10) unsigned NOT NULL,
  `data` varchar(255) NOT NULL,
  `sort` int(10) unsigned NOT NULL,
  `description` text NOT NULL,
  `modified` datetime DEFAULT NULL,
  `created` datetime DEFAULT NULL,
  `tags` varchar(255) NOT NULL,
  PRIMARY KEY (`pages_id`,`sort`),
  KEY `data` (`data`),
  KEY `modified` (`modified`),
  KEY `created` (`created`),
  FULLTEXT KEY `description` (`description`),
  FULLTEXT KEY `tags` (`tags`)
) ENGINE=MyISAM DEFAULT CHARSET=utf8;

INSERT INTO `field_images` (pages_id, data, sort, description, modified, created, tags) VALUES('1015', 'clouds.jpg', '0', '', '2013-08-08 07:18:51', '2013-08-08 07:18:51', '');
INSERT INTO `field_images` (pages_id, data, sort, description, modified, created, tags) VALUES('1015', 'snowy.jpg', '1', '', '2013-08-08 07:18:52', '2013-08-08 07:18:52', '');

DROP TABLE IF EXISTS `field_left`;
CREATE TABLE `field_left` (
  `pages_id` int(10) unsigned NOT NULL,
  `data` int(11) NOT NULL,
  `sort` int(10) unsigned NOT NULL,
  PRIMARY KEY (`pages_id`,`sort`),
  KEY `data` (`data`,`pages_id`,`sort`)
) ENGINE=MyISAM DEFAULT CHARSET=utf8;


DROP TABLE IF EXISTS `field_position`;
CREATE TABLE `field_position` (
  `pages_id` int(10) unsigned NOT NULL,
  `data` int(11) NOT NULL,
  `sort` int(10) unsigned NOT NULL,
  PRIMARY KEY (`pages_id`,`sort`),
  KEY `data` (`data`,`pages_id`,`sort`)
) ENGINE=MyISAM DEFAULT CHARSET=utf8;

INSERT INTO `field_position` (pages_id, data, sort) VALUES('1014', '1012', '0');
INSERT INTO `field_position` (pages_id, data, sort) VALUES('1016', '1013', '0');

INSERT INTO `field_process` (pages_id, data) VALUES('6', '17') ON DUPLICATE KEY UPDATE pages_id=VALUES(pages_id), data=VALUES(data);
INSERT INTO `field_process` (pages_id, data) VALUES('3', '12') ON DUPLICATE KEY UPDATE pages_id=VALUES(pages_id), data=VALUES(data);
INSERT INTO `field_process` (pages_id, data) VALUES('8', '12') ON DUPLICATE KEY UPDATE pages_id=VALUES(pages_id), data=VALUES(data);
INSERT INTO `field_process` (pages_id, data) VALUES('9', '14') ON DUPLICATE KEY UPDATE pages_id=VALUES(pages_id), data=VALUES(data);
INSERT INTO `field_process` (pages_id, data) VALUES('10', '7') ON DUPLICATE KEY UPDATE pages_id=VALUES(pages_id), data=VALUES(data);
INSERT INTO `field_process` (pages_id, data) VALUES('11', '47') ON DUPLICATE KEY UPDATE pages_id=VALUES(pages_id), data=VALUES(data);
INSERT INTO `field_process` (pages_id, data) VALUES('16', '48') ON DUPLICATE KEY UPDATE pages_id=VALUES(pages_id), data=VALUES(data);
INSERT INTO `field_process` (pages_id, data) VALUES('300', '104') ON DUPLICATE KEY UPDATE pages_id=VALUES(pages_id), data=VALUES(data);
INSERT INTO `field_process` (pages_id, data) VALUES('21', '50') ON DUPLICATE KEY UPDATE pages_id=VALUES(pages_id), data=VALUES(data);
INSERT INTO `field_process` (pages_id, data) VALUES('29', '66') ON DUPLICATE KEY UPDATE pages_id=VALUES(pages_id), data=VALUES(data);
INSERT INTO `field_process` (pages_id, data) VALUES('23', '10') ON DUPLICATE KEY UPDATE pages_id=VALUES(pages_id), data=VALUES(data);
INSERT INTO `field_process` (pages_id, data) VALUES('304', '138') ON DUPLICATE KEY UPDATE pages_id=VALUES(pages_id), data=VALUES(data);
INSERT INTO `field_process` (pages_id, data) VALUES('31', '136') ON DUPLICATE KEY UPDATE pages_id=VALUES(pages_id), data=VALUES(data);
INSERT INTO `field_process` (pages_id, data) VALUES('22', '76') ON DUPLICATE KEY UPDATE pages_id=VALUES(pages_id), data=VALUES(data);
INSERT INTO `field_process` (pages_id, data) VALUES('30', '68') ON DUPLICATE KEY UPDATE pages_id=VALUES(pages_id), data=VALUES(data);
INSERT INTO `field_process` (pages_id, data) VALUES('303', '129') ON DUPLICATE KEY UPDATE pages_id=VALUES(pages_id), data=VALUES(data);
INSERT INTO `field_process` (pages_id, data) VALUES('2', '87') ON DUPLICATE KEY UPDATE pages_id=VALUES(pages_id), data=VALUES(data);
INSERT INTO `field_process` (pages_id, data) VALUES('302', '121') ON DUPLICATE KEY UPDATE pages_id=VALUES(pages_id), data=VALUES(data);
INSERT INTO `field_process` (pages_id, data) VALUES('301', '109') ON DUPLICATE KEY UPDATE pages_id=VALUES(pages_id), data=VALUES(data);
INSERT INTO `field_process` (pages_id, data) VALUES('28', '76') ON DUPLICATE KEY UPDATE pages_id=VALUES(pages_id), data=VALUES(data);
INSERT INTO `field_process` (pages_id, data) VALUES('1007', '150') ON DUPLICATE KEY UPDATE pages_id=VALUES(pages_id), data=VALUES(data);
INSERT INTO `field_process` (pages_id, data) VALUES('1008', '151') ON DUPLICATE KEY UPDATE pages_id=VALUES(pages_id), data=VALUES(data);

DROP TABLE IF EXISTS `field_right`;
CREATE TABLE `field_right` (
  `pages_id` int(10) unsigned NOT NULL,
  `data` int(11) NOT NULL,
  `sort` int(10) unsigned NOT NULL,
  PRIMARY KEY (`pages_id`,`sort`),
  KEY `data` (`data`,`pages_id`,`sort`)
) ENGINE=MyISAM DEFAULT CHARSET=utf8;


DROP TABLE IF EXISTS `field_storage`;
CREATE TABLE `field_storage` (
  `pages_id` int(10) unsigned NOT NULL,
  `data` int(11) NOT NULL,
  PRIMARY KEY (`pages_id`),
  KEY `data` (`data`)
) ENGINE=MyISAM DEFAULT CHARSET=utf8;


DROP TABLE IF EXISTS `field_storage_end`;
CREATE TABLE `field_storage_end` (
  `pages_id` int(10) unsigned NOT NULL,
  `data` int(11) NOT NULL,
  PRIMARY KEY (`pages_id`),
  KEY `data` (`data`)
) ENGINE=MyISAM DEFAULT CHARSET=utf8;


DROP TABLE IF EXISTS `field_summary`;
CREATE TABLE `field_summary` (
  `pages_id` int(10) unsigned NOT NULL,
  `data` mediumtext NOT NULL,
  PRIMARY KEY (`pages_id`),
  FULLTEXT KEY `data` (`data`)
) ENGINE=MyISAM DEFAULT CHARSET=utf8;


DROP TABLE IF EXISTS `field_templates`;
CREATE TABLE `field_templates` (
  `pages_id` int(10) unsigned NOT NULL,
  `data` int(11) NOT NULL,
  `sort` int(10) unsigned NOT NULL,
  PRIMARY KEY (`pages_id`,`sort`),
  KEY `data` (`data`,`pages_id`,`sort`)
) ENGINE=MyISAM DEFAULT CHARSET=utf8;

INSERT INTO `field_templates` (pages_id, data, sort) VALUES('1014', '1', '1');
INSERT INTO `field_templates` (pages_id, data, sort) VALUES('1016', '1', '1');
INSERT INTO `field_templates` (pages_id, data, sort) VALUES('1014', '29', '0');
INSERT INTO `field_templates` (pages_id, data, sort) VALUES('1016', '29', '0');

INSERT INTO `field_title` (pages_id, data) VALUES('1', 'Home') ON DUPLICATE KEY UPDATE pages_id=VALUES(pages_id), data=VALUES(data);
INSERT INTO `field_title` (pages_id, data) VALUES('1074', 'Sub Page') ON DUPLICATE KEY UPDATE pages_id=VALUES(pages_id), data=VALUES(data);
INSERT INTO `field_title` (pages_id, data) VALUES('1007', 'Selector test') ON DUPLICATE KEY UPDATE pages_id=VALUES(pages_id), data=VALUES(data);
INSERT INTO `field_title` (pages_id, data) VALUES('1008', 'Export Site Profile') ON DUPLICATE KEY UPDATE pages_id=VALUES(pages_id), data=VALUES(data);
INSERT INTO `field_title` (pages_id, data) VALUES('1009', 'Widgets') ON DUPLICATE KEY UPDATE pages_id=VALUES(pages_id), data=VALUES(data);
INSERT INTO `field_title` (pages_id, data) VALUES('1010', 'Settings') ON DUPLICATE KEY UPDATE pages_id=VALUES(pages_id), data=VALUES(data);
INSERT INTO `field_title` (pages_id, data) VALUES('1011', 'Position') ON DUPLICATE KEY UPDATE pages_id=VALUES(pages_id), data=VALUES(data);
INSERT INTO `field_title` (pages_id, data) VALUES('1012', 'Left side') ON DUPLICATE KEY UPDATE pages_id=VALUES(pages_id), data=VALUES(data);
INSERT INTO `field_title` (pages_id, data) VALUES('1013', 'Right side') ON DUPLICATE KEY UPDATE pages_id=VALUES(pages_id), data=VALUES(data);
INSERT INTO `field_title` (pages_id, data) VALUES('1014', 'A widget') ON DUPLICATE KEY UPDATE pages_id=VALUES(pages_id), data=VALUES(data);
INSERT INTO `field_title` (pages_id, data) VALUES('1015', 'My new page') ON DUPLICATE KEY UPDATE pages_id=VALUES(pages_id), data=VALUES(data);
INSERT INTO `field_title` (pages_id, data) VALUES('1016', 'Another Widget') ON DUPLICATE KEY UPDATE pages_id=VALUES(pages_id), data=VALUES(data);
INSERT INTO `field_title` (pages_id, data) VALUES('1073', 'MarkupCSScompress') ON DUPLICATE KEY UPDATE pages_id=VALUES(pages_id), data=VALUES(data);

DROP TABLE IF EXISTS `field_tpl`;
CREATE TABLE `field_tpl` (
  `pages_id` int(10) unsigned NOT NULL,
  `data` int(11) NOT NULL,
  `sort` int(10) unsigned NOT NULL,
  PRIMARY KEY (`pages_id`,`sort`),
  KEY `data` (`data`,`pages_id`,`sort`)
) ENGINE=MyISAM DEFAULT CHARSET=utf8;


INSERT INTO `fieldgroups` (id, name) VALUES('1', 'home') ON DUPLICATE KEY UPDATE id=VALUES(id), name=VALUES(name);
INSERT INTO `fieldgroups` (id, name) VALUES('83', 'basic-page') ON DUPLICATE KEY UPDATE id=VALUES(id), name=VALUES(name);
INSERT INTO `fieldgroups` (id, name) VALUES('97', 'widgets') ON DUPLICATE KEY UPDATE id=VALUES(id), name=VALUES(name);
INSERT INTO `fieldgroups` (id, name) VALUES('98', 'widget-text') ON DUPLICATE KEY UPDATE id=VALUES(id), name=VALUES(name);
INSERT INTO `fieldgroups` (id, name) VALUES('163', 'MarkupCSScompress') ON DUPLICATE KEY UPDATE id=VALUES(id), name=VALUES(name);

INSERT INTO `fieldgroups_fields` (fieldgroups_id, fields_id, sort, data) VALUES('2', '2', '1', '') ON DUPLICATE KEY UPDATE fieldgroups_id=VALUES(fieldgroups_id), fields_id=VALUES(fields_id), sort=VALUES(sort), data=VALUES(data);
INSERT INTO `fieldgroups_fields` (fieldgroups_id, fields_id, sort, data) VALUES('2', '1', '0', '') ON DUPLICATE KEY UPDATE fieldgroups_id=VALUES(fieldgroups_id), fields_id=VALUES(fields_id), sort=VALUES(sort), data=VALUES(data);
INSERT INTO `fieldgroups_fields` (fieldgroups_id, fields_id, sort, data) VALUES('3', '3', '0', '') ON DUPLICATE KEY UPDATE fieldgroups_id=VALUES(fieldgroups_id), fields_id=VALUES(fields_id), sort=VALUES(sort), data=VALUES(data);
INSERT INTO `fieldgroups_fields` (fieldgroups_id, fields_id, sort, data) VALUES('3', '4', '2', '') ON DUPLICATE KEY UPDATE fieldgroups_id=VALUES(fieldgroups_id), fields_id=VALUES(fields_id), sort=VALUES(sort), data=VALUES(data);
INSERT INTO `fieldgroups_fields` (fieldgroups_id, fields_id, sort, data) VALUES('4', '5', '0', '') ON DUPLICATE KEY UPDATE fieldgroups_id=VALUES(fieldgroups_id), fields_id=VALUES(fields_id), sort=VALUES(sort), data=VALUES(data);
INSERT INTO `fieldgroups_fields` (fieldgroups_id, fields_id, sort, data) VALUES('5', '1', '0', '') ON DUPLICATE KEY UPDATE fieldgroups_id=VALUES(fieldgroups_id), fields_id=VALUES(fields_id), sort=VALUES(sort), data=VALUES(data);
INSERT INTO `fieldgroups_fields` (fieldgroups_id, fields_id, sort, data) VALUES('3', '92', '1', '') ON DUPLICATE KEY UPDATE fieldgroups_id=VALUES(fieldgroups_id), fields_id=VALUES(fields_id), sort=VALUES(sort), data=VALUES(data);
INSERT INTO `fieldgroups_fields` (fieldgroups_id, fields_id, sort, data) VALUES('1', '78', '2', '') ON DUPLICATE KEY UPDATE fieldgroups_id=VALUES(fieldgroups_id), fields_id=VALUES(fields_id), sort=VALUES(sort), data=VALUES(data);
INSERT INTO `fieldgroups_fields` (fieldgroups_id, fields_id, sort, data) VALUES('1', '101', '0', '') ON DUPLICATE KEY UPDATE fieldgroups_id=VALUES(fieldgroups_id), fields_id=VALUES(fields_id), sort=VALUES(sort), data=VALUES(data);
INSERT INTO `fieldgroups_fields` (fieldgroups_id, fields_id, sort, data) VALUES('83', '104', '10', '') ON DUPLICATE KEY UPDATE fieldgroups_id=VALUES(fieldgroups_id), fields_id=VALUES(fields_id), sort=VALUES(sort), data=VALUES(data);
INSERT INTO `fieldgroups_fields` (fieldgroups_id, fields_id, sort, data) VALUES('83', '44', '9', '') ON DUPLICATE KEY UPDATE fieldgroups_id=VALUES(fieldgroups_id), fields_id=VALUES(fields_id), sort=VALUES(sort), data=VALUES(data);
INSERT INTO `fieldgroups_fields` (fieldgroups_id, fields_id, sort, data) VALUES('1', '79', '3', '') ON DUPLICATE KEY UPDATE fieldgroups_id=VALUES(fieldgroups_id), fields_id=VALUES(fields_id), sort=VALUES(sort), data=VALUES(data);
INSERT INTO `fieldgroups_fields` (fieldgroups_id, fields_id, sort, data) VALUES('83', '100', '8', '') ON DUPLICATE KEY UPDATE fieldgroups_id=VALUES(fieldgroups_id), fields_id=VALUES(fields_id), sort=VALUES(sort), data=VALUES(data);
INSERT INTO `fieldgroups_fields` (fieldgroups_id, fields_id, sort, data) VALUES('1', '1', '1', '') ON DUPLICATE KEY UPDATE fieldgroups_id=VALUES(fieldgroups_id), fields_id=VALUES(fields_id), sort=VALUES(sort), data=VALUES(data);
INSERT INTO `fieldgroups_fields` (fieldgroups_id, fields_id, sort, data) VALUES('97', '105', '1', '') ON DUPLICATE KEY UPDATE fieldgroups_id=VALUES(fieldgroups_id), fields_id=VALUES(fields_id), sort=VALUES(sort), data=VALUES(data);
INSERT INTO `fieldgroups_fields` (fieldgroups_id, fields_id, sort, data) VALUES('98', '104', '8', '') ON DUPLICATE KEY UPDATE fieldgroups_id=VALUES(fieldgroups_id), fields_id=VALUES(fields_id), sort=VALUES(sort), data=VALUES(data);
INSERT INTO `fieldgroups_fields` (fieldgroups_id, fields_id, sort, data) VALUES('83', '98', '7', '') ON DUPLICATE KEY UPDATE fieldgroups_id=VALUES(fieldgroups_id), fields_id=VALUES(fields_id), sort=VALUES(sort), data=VALUES(data);
INSERT INTO `fieldgroups_fields` (fieldgroups_id, fields_id, sort, data) VALUES('83', '103', '6', '') ON DUPLICATE KEY UPDATE fieldgroups_id=VALUES(fieldgroups_id), fields_id=VALUES(fields_id), sort=VALUES(sort), data=VALUES(data);
INSERT INTO `fieldgroups_fields` (fieldgroups_id, fields_id, sort, data) VALUES('83', '102', '5', '') ON DUPLICATE KEY UPDATE fieldgroups_id=VALUES(fieldgroups_id), fields_id=VALUES(fields_id), sort=VALUES(sort), data=VALUES(data);
INSERT INTO `fieldgroups_fields` (fieldgroups_id, fields_id, sort, data) VALUES('83', '76', '4', '') ON DUPLICATE KEY UPDATE fieldgroups_id=VALUES(fieldgroups_id), fields_id=VALUES(fields_id), sort=VALUES(sort), data=VALUES(data);
INSERT INTO `fieldgroups_fields` (fieldgroups_id, fields_id, sort, data) VALUES('83', '79', '3', '') ON DUPLICATE KEY UPDATE fieldgroups_id=VALUES(fieldgroups_id), fields_id=VALUES(fields_id), sort=VALUES(sort), data=VALUES(data);
INSERT INTO `fieldgroups_fields` (fieldgroups_id, fields_id, sort, data) VALUES('83', '78', '2', '') ON DUPLICATE KEY UPDATE fieldgroups_id=VALUES(fieldgroups_id), fields_id=VALUES(fields_id), sort=VALUES(sort), data=VALUES(data);
INSERT INTO `fieldgroups_fields` (fieldgroups_id, fields_id, sort, data) VALUES('83', '1', '1', '') ON DUPLICATE KEY UPDATE fieldgroups_id=VALUES(fieldgroups_id), fields_id=VALUES(fields_id), sort=VALUES(sort), data=VALUES(data);
INSERT INTO `fieldgroups_fields` (fieldgroups_id, fields_id, sort, data) VALUES('83', '101', '0', '') ON DUPLICATE KEY UPDATE fieldgroups_id=VALUES(fieldgroups_id), fields_id=VALUES(fields_id), sort=VALUES(sort), data=VALUES(data);
INSERT INTO `fieldgroups_fields` (fieldgroups_id, fields_id, sort, data) VALUES('1', '76', '4', '') ON DUPLICATE KEY UPDATE fieldgroups_id=VALUES(fieldgroups_id), fields_id=VALUES(fields_id), sort=VALUES(sort), data=VALUES(data);
INSERT INTO `fieldgroups_fields` (fieldgroups_id, fields_id, sort, data) VALUES('1', '102', '5', '') ON DUPLICATE KEY UPDATE fieldgroups_id=VALUES(fieldgroups_id), fields_id=VALUES(fields_id), sort=VALUES(sort), data=VALUES(data);
INSERT INTO `fieldgroups_fields` (fieldgroups_id, fields_id, sort, data) VALUES('1', '103', '6', '') ON DUPLICATE KEY UPDATE fieldgroups_id=VALUES(fieldgroups_id), fields_id=VALUES(fields_id), sort=VALUES(sort), data=VALUES(data);
INSERT INTO `fieldgroups_fields` (fieldgroups_id, fields_id, sort, data) VALUES('1', '98', '7', '') ON DUPLICATE KEY UPDATE fieldgroups_id=VALUES(fieldgroups_id), fields_id=VALUES(fields_id), sort=VALUES(sort), data=VALUES(data);
INSERT INTO `fieldgroups_fields` (fieldgroups_id, fields_id, sort, data) VALUES('1', '100', '8', '') ON DUPLICATE KEY UPDATE fieldgroups_id=VALUES(fieldgroups_id), fields_id=VALUES(fields_id), sort=VALUES(sort), data=VALUES(data);
INSERT INTO `fieldgroups_fields` (fieldgroups_id, fields_id, sort, data) VALUES('1', '44', '9', '') ON DUPLICATE KEY UPDATE fieldgroups_id=VALUES(fieldgroups_id), fields_id=VALUES(fields_id), sort=VALUES(sort), data=VALUES(data);
INSERT INTO `fieldgroups_fields` (fieldgroups_id, fields_id, sort, data) VALUES('1', '104', '10', '') ON DUPLICATE KEY UPDATE fieldgroups_id=VALUES(fieldgroups_id), fields_id=VALUES(fields_id), sort=VALUES(sort), data=VALUES(data);
INSERT INTO `fieldgroups_fields` (fieldgroups_id, fields_id, sort, data) VALUES('97', '1', '0', '') ON DUPLICATE KEY UPDATE fieldgroups_id=VALUES(fieldgroups_id), fields_id=VALUES(fields_id), sort=VALUES(sort), data=VALUES(data);
INSERT INTO `fieldgroups_fields` (fieldgroups_id, fields_id, sort, data) VALUES('98', '76', '2', '') ON DUPLICATE KEY UPDATE fieldgroups_id=VALUES(fieldgroups_id), fields_id=VALUES(fields_id), sort=VALUES(sort), data=VALUES(data);
INSERT INTO `fieldgroups_fields` (fieldgroups_id, fields_id, sort, data) VALUES('163', '1', '0', '') ON DUPLICATE KEY UPDATE fieldgroups_id=VALUES(fieldgroups_id), fields_id=VALUES(fields_id), sort=VALUES(sort), data=VALUES(data);
INSERT INTO `fieldgroups_fields` (fieldgroups_id, fields_id, sort, data) VALUES('98', '97', '6', '') ON DUPLICATE KEY UPDATE fieldgroups_id=VALUES(fieldgroups_id), fields_id=VALUES(fields_id), sort=VALUES(sort), data=VALUES(data);
INSERT INTO `fieldgroups_fields` (fieldgroups_id, fields_id, sort, data) VALUES('98', '106', '7', '{\"description\":\"Don\'t show the widget title on the front-end.\",\"label\":\"Disable Title\"}') ON DUPLICATE KEY UPDATE fieldgroups_id=VALUES(fieldgroups_id), fields_id=VALUES(fields_id), sort=VALUES(sort), data=VALUES(data);
INSERT INTO `fieldgroups_fields` (fieldgroups_id, fields_id, sort, data) VALUES('98', '99', '5', '') ON DUPLICATE KEY UPDATE fieldgroups_id=VALUES(fieldgroups_id), fields_id=VALUES(fields_id), sort=VALUES(sort), data=VALUES(data);
INSERT INTO `fieldgroups_fields` (fieldgroups_id, fields_id, sort, data) VALUES('98', '103', '4', '') ON DUPLICATE KEY UPDATE fieldgroups_id=VALUES(fieldgroups_id), fields_id=VALUES(fields_id), sort=VALUES(sort), data=VALUES(data);
INSERT INTO `fieldgroups_fields` (fieldgroups_id, fields_id, sort, data) VALUES('98', '102', '3', '') ON DUPLICATE KEY UPDATE fieldgroups_id=VALUES(fieldgroups_id), fields_id=VALUES(fields_id), sort=VALUES(sort), data=VALUES(data);
INSERT INTO `fieldgroups_fields` (fieldgroups_id, fields_id, sort, data) VALUES('98', '101', '0', '') ON DUPLICATE KEY UPDATE fieldgroups_id=VALUES(fieldgroups_id), fields_id=VALUES(fields_id), sort=VALUES(sort), data=VALUES(data);
INSERT INTO `fieldgroups_fields` (fieldgroups_id, fields_id, sort, data) VALUES('98', '1', '1', '') ON DUPLICATE KEY UPDATE fieldgroups_id=VALUES(fieldgroups_id), fields_id=VALUES(fields_id), sort=VALUES(sort), data=VALUES(data);

INSERT INTO `fields` (id, type, name, flags, label, data) VALUES('44', 'FieldtypeImage', 'images', '0', 'Images', '{\"extensions\":\"gif jpg jpeg png\",\"entityEncode\":1,\"adminThumbs\":1,\"inputfieldClass\":\"InputfieldImage\",\"maxFiles\":0,\"descriptionRows\":1,\"fileSchema\":3,\"tags\":\"Default\",\"useTags\":1}') ON DUPLICATE KEY UPDATE id=VALUES(id), type=VALUES(type), name=VALUES(name), flags=VALUES(flags), label=VALUES(label), data=VALUES(data);
INSERT INTO `fields` (id, type, name, flags, label, data) VALUES('79', 'FieldtypeTextarea', 'summary', '1', 'Summary', '{\"textformatters\":[\"TextformatterEntities\"],\"inputfieldClass\":\"InputfieldTextarea\",\"collapsed\":2,\"rows\":3,\"tags\":\"Default\"}') ON DUPLICATE KEY UPDATE id=VALUES(id), type=VALUES(type), name=VALUES(name), flags=VALUES(flags), label=VALUES(label), data=VALUES(data);
INSERT INTO `fields` (id, type, name, flags, label, data) VALUES('76', 'FieldtypeTextarea', 'body', '0', 'Body', '{\"inputfieldClass\":\"InputfieldTinyMCE\",\"rows\":10,\"theme_advanced_buttons1\":\"formatselect,|,bold,italic,|,bullist,numlist,|,link,unlink,|,image,|,code,|,fullscreen\",\"theme_advanced_blockformats\":\"p,h2,h3,h4,blockquote,pre\",\"plugins\":\"inlinepopups,safari,media,paste,fullscreen\",\"valid_elements\":\"@[id|class],a[href|target|name],strong\\/b,em\\/i,br,img[src|id|class|width|height|alt],ul,ol,li,p[class],h2,h3,h4,blockquote,-p,-table[border=0|cellspacing|cellpadding|width|frame|rules|height|align|summary|bgcolor|background|bordercolor],-tr[rowspan|width|height|align|valign|bgcolor|background|bordercolor],tbody,thead,tfoot,#td[colspan|rowspan|width|height|align|valign|bgcolor|background|bordercolor|scope],#th[colspan|rowspan|width|height|align|valign|scope],code,pre\",\"tags\":\"Default\",\"textformatters\":[\"TextformatterGumbyList\",\"TextformatterImageInterceptor\"]}') ON DUPLICATE KEY UPDATE id=VALUES(id), type=VALUES(type), name=VALUES(name), flags=VALUES(flags), label=VALUES(label), data=VALUES(data);
INSERT INTO `fields` (id, type, name, flags, label, data) VALUES('78', 'FieldtypeText', 'headline', '0', 'Headline', '{\"description\":\"Use this instead of the Title if a longer headline is needed than what you want to appear in navigation.\",\"textformatters\":[\"TextformatterEntities\"],\"collapsed\":2,\"size\":0,\"maxlength\":1024,\"tags\":\"Default\"}') ON DUPLICATE KEY UPDATE id=VALUES(id), type=VALUES(type), name=VALUES(name), flags=VALUES(flags), label=VALUES(label), data=VALUES(data);
INSERT INTO `fields` (id, type, name, flags, label, data) VALUES('97', 'FieldtypePage', 'position', '0', 'Position', '{\"description\":\"The position of the widget in the page.\",\"derefAsPage\":2,\"parent_id\":1011,\"labelFieldName\":\"title\",\"inputfield\":\"InputfieldRadios\",\"required\":1,\"template_id\":2,\"optionColumns\":0,\"tags\":\"Widgets\"}') ON DUPLICATE KEY UPDATE id=VALUES(id), type=VALUES(type), name=VALUES(name), flags=VALUES(flags), label=VALUES(label), data=VALUES(data);
INSERT INTO `fields` (id, type, name, flags, label, data) VALUES('98', 'FieldtypePage', 'left', '0', 'Left side widgets', '{\"description\":\"Check to disable.\",\"derefAsPage\":0,\"parent_id\":0,\"labelFieldName\":\"title\",\"inputfield\":\"InputfieldCheckboxes\",\"tags\":\"Widgets\",\"findPagesCode\":\"$id = $page->template->id;\\r\\n$widgets = $pages->find(\\\"parent.template.name=widgets, templates=$id, position.name=left\\\");\\r\\nreturn $widgets;\",\"optionColumns\":0,\"columnWidth\":50}') ON DUPLICATE KEY UPDATE id=VALUES(id), type=VALUES(type), name=VALUES(name), flags=VALUES(flags), label=VALUES(label), data=VALUES(data);
INSERT INTO `fields` (id, type, name, flags, label, data) VALUES('99', 'FieldtypeTemplates', 'templates', '0', 'Where should this widget apear?', '{\"description\":\"Select the page template of pages where this widget should appear. \",\"tags\":\"Widgets\",\"templateTypes\":[29,1],\"required\":1}') ON DUPLICATE KEY UPDATE id=VALUES(id), type=VALUES(type), name=VALUES(name), flags=VALUES(flags), label=VALUES(label), data=VALUES(data);
INSERT INTO `fields` (id, type, name, flags, label, data) VALUES('100', 'FieldtypePage', 'right', '0', 'Right side widgets', '{\"description\":\"Check to disable.\",\"derefAsPage\":0,\"parent_id\":0,\"labelFieldName\":\"title\",\"inputfield\":\"InputfieldCheckboxes\",\"tags\":\"Widgets\",\"findPagesCode\":\"$id = $page->template->id;\\r\\n$widgets = $pages->find(\\\"parent.template.name=widgets, templates=$id, position.name=right\\\");\\r\\nreturn $widgets;\",\"optionColumns\":0,\"columnWidth\":50}') ON DUPLICATE KEY UPDATE id=VALUES(id), type=VALUES(type), name=VALUES(name), flags=VALUES(flags), label=VALUES(label), data=VALUES(data);
INSERT INTO `fields` (id, type, name, flags, label, data) VALUES('101', 'FieldtypeFieldsetOpen', 'content', '0', 'Content', '{\"columnWidth\":60,\"tags\":\"Fieldsets\"}') ON DUPLICATE KEY UPDATE id=VALUES(id), type=VALUES(type), name=VALUES(name), flags=VALUES(flags), label=VALUES(label), data=VALUES(data);
INSERT INTO `fields` (id, type, name, flags, label, data) VALUES('102', 'FieldtypeFieldsetClose', 'content_END', '0', 'Close an open fieldset', '{\"description\":\"This field was added automatically to accompany fieldset \'content\'. It should be placed in your template\\/fieldgroup wherever you want the fieldset to end.\",\"tags\":\"Fieldsets\"}') ON DUPLICATE KEY UPDATE id=VALUES(id), type=VALUES(type), name=VALUES(name), flags=VALUES(flags), label=VALUES(label), data=VALUES(data);
INSERT INTO `fields` (id, type, name, flags, label, data) VALUES('103', 'FieldtypeFieldsetOpen', 'storage', '0', 'Storage & settings', '{\"tags\":\"Fieldsets\",\"columnWidth\":40}') ON DUPLICATE KEY UPDATE id=VALUES(id), type=VALUES(type), name=VALUES(name), flags=VALUES(flags), label=VALUES(label), data=VALUES(data);
INSERT INTO `fields` (id, type, name, flags, label, data) VALUES('104', 'FieldtypeFieldsetClose', 'storage_END', '0', 'Close an open fieldset', '{\"description\":\"This field was added automatically to accompany fieldset \'storage\'. It should be placed in your template\\/fieldgroup wherever you want the fieldset to end.\",\"tags\":\"Fieldsets\"}') ON DUPLICATE KEY UPDATE id=VALUES(id), type=VALUES(type), name=VALUES(name), flags=VALUES(flags), label=VALUES(label), data=VALUES(data);
INSERT INTO `fields` (id, type, name, flags, label, data) VALUES('105', 'FieldtypeRangeSlider', 'columns', '0', 'Column widths', '{\"width\":100,\"defaultValue\":\"3,9\",\"minValue\":0,\"maxValue\":12,\"step\":1,\"tags\":\"Widgets\",\"isrange\":1,\"description\":\"From 0 to the first range point is the width of the first column, between the range point is the second column and the left over is for the last column.\"}') ON DUPLICATE KEY UPDATE id=VALUES(id), type=VALUES(type), name=VALUES(name), flags=VALUES(flags), label=VALUES(label), data=VALUES(data);
INSERT INTO `fields` (id, type, name, flags, label, data) VALUES('106', 'FieldtypeCheckbox', 'checkbox', '0', '', '') ON DUPLICATE KEY UPDATE id=VALUES(id), type=VALUES(type), name=VALUES(name), flags=VALUES(flags), label=VALUES(label), data=VALUES(data);
INSERT INTO `fields` (id, type, name, flags, label, data) VALUES('107', 'FieldtypeTemplates', 'tpl', '0', '', '') ON DUPLICATE KEY UPDATE id=VALUES(id), type=VALUES(type), name=VALUES(name), flags=VALUES(flags), label=VALUES(label), data=VALUES(data);

INSERT INTO `modules` (id, class, flags, data) VALUES('149', 'HelperFieldLinks', '3', '') ON DUPLICATE KEY UPDATE id=VALUES(id), class=VALUES(class), flags=VALUES(flags), data=VALUES(data);
INSERT INTO `modules` (id, class, flags, data) VALUES('150', 'ProcessSelectorTest', '1', '') ON DUPLICATE KEY UPDATE id=VALUES(id), class=VALUES(class), flags=VALUES(flags), data=VALUES(data);
INSERT INTO `modules` (id, class, flags, data) VALUES('151', 'ProcessExportProfile', '1', '') ON DUPLICATE KEY UPDATE id=VALUES(id), class=VALUES(class), flags=VALUES(flags), data=VALUES(data);
INSERT INTO `modules` (id, class, flags, data) VALUES('152', 'FieldtypeTemplates', '1', '') ON DUPLICATE KEY UPDATE id=VALUES(id), class=VALUES(class), flags=VALUES(flags), data=VALUES(data);
INSERT INTO `modules` (id, class, flags, data) VALUES('154', 'FieldtypeRangeSlider', '1', '') ON DUPLICATE KEY UPDATE id=VALUES(id), class=VALUES(class), flags=VALUES(flags), data=VALUES(data);
INSERT INTO `modules` (id, class, flags, data) VALUES('155', 'InputfieldRangeSlider', '0', '') ON DUPLICATE KEY UPDATE id=VALUES(id), class=VALUES(class), flags=VALUES(flags), data=VALUES(data);
INSERT INTO `modules` (id, class, flags, data) VALUES('165', 'FieldtypeCache', '1', '') ON DUPLICATE KEY UPDATE id=VALUES(id), class=VALUES(class), flags=VALUES(flags), data=VALUES(data);
INSERT INTO `modules` (id, class, flags, data) VALUES('174', 'FieldtypeComments', '1', '') ON DUPLICATE KEY UPDATE id=VALUES(id), class=VALUES(class), flags=VALUES(flags), data=VALUES(data);
INSERT INTO `modules` (id, class, flags, data) VALUES('175', 'InputfieldCommentsAdmin', '0', '') ON DUPLICATE KEY UPDATE id=VALUES(id), class=VALUES(class), flags=VALUES(flags), data=VALUES(data);
INSERT INTO `modules` (id, class, flags, data) VALUES('287', 'MarkupCache', '3', '') ON DUPLICATE KEY UPDATE id=VALUES(id), class=VALUES(class), flags=VALUES(flags), data=VALUES(data);
INSERT INTO `modules` (id, class, flags, data) VALUES('342', 'MarkupCSScompress', '1', '{\"cache_time\":20,\"disabled_for_superuser\":1,\"group_by_template\":1}') ON DUPLICATE KEY UPDATE id=VALUES(id), class=VALUES(class), flags=VALUES(flags), data=VALUES(data);
INSERT INTO `modules` (id, class, flags, data) VALUES('344', 'MarkupSimpleNavigation', '1', '') ON DUPLICATE KEY UPDATE id=VALUES(id), class=VALUES(class), flags=VALUES(flags), data=VALUES(data);
INSERT INTO `modules` (id, class, flags, data) VALUES('345', 'TextformatterGumbyList', '1', '') ON DUPLICATE KEY UPDATE id=VALUES(id), class=VALUES(class), flags=VALUES(flags), data=VALUES(data);
INSERT INTO `modules` (id, class, flags, data) VALUES('346', 'TextformatterImageInterceptor', '1', '{\"inline-styles\":\"\",\"high-density\":\"\",\"tagged-sets\":\"logo 10% 150px left 3:4 wrapper.photo.image caption.image-caption\",\"landscape-percentage\":100,\"landscape-width\":700,\"landscape-align\":\"align_left\",\"landscape-aspect-ratio\":\"2:1\",\"landscape-classes\":\"\",\"landscape-wrapper\":\"<div class=\\\"twelve columns image photo\\\">||<\\/div>\",\"landscape-styles\":\"\",\"landscape-caption\":\"\",\"portrait-percentage\":100,\"portrait-width\":350,\"portrait-align\":false,\"portrait-aspect-ratio\":\"3:4\",\"portrait-classes\":\"\",\"portrait-wrapper\":\"<div class=\\\"six columns image photo\\\">||<\\/div>\",\"portrait-styles\":\"\",\"portrait-caption\":\"\"}') ON DUPLICATE KEY UPDATE id=VALUES(id), class=VALUES(class), flags=VALUES(flags), data=VALUES(data);
INSERT INTO `modules` (id, class, flags, data) VALUES('347', 'JqueryCollagePlus', '3', '') ON DUPLICATE KEY UPDATE id=VALUES(id), class=VALUES(class), flags=VALUES(flags), data=VALUES(data);
INSERT INTO `modules` (id, class, flags, data) VALUES('348', 'PageLinkAbstractor', '3', '') ON DUPLICATE KEY UPDATE id=VALUES(id), class=VALUES(class), flags=VALUES(flags), data=VALUES(data);

INSERT INTO `pages` (id, parent_id, templates_id, name, status, modified, modified_users_id, created, created_users_id, sort) VALUES('1', '0', '1', 'home', '9', '2013-07-29 09:38:51', '41', '0000-00-00 00:00:00', '2', '0') ON DUPLICATE KEY UPDATE id=VALUES(id), parent_id=VALUES(parent_id), templates_id=VALUES(templates_id), name=VALUES(name), status=VALUES(status), modified=VALUES(modified), modified_users_id=VALUES(modified_users_id), created=VALUES(created), created_users_id=VALUES(created_users_id), sort=VALUES(sort);
INSERT INTO `pages` (id, parent_id, templates_id, name, status, modified, modified_users_id, created, created_users_id, sort) VALUES('27', '1', '29', 'http404', '1035', '2013-04-24 15:28:18', '41', '2010-06-03 06:53:03', '3', '5') ON DUPLICATE KEY UPDATE id=VALUES(id), parent_id=VALUES(parent_id), templates_id=VALUES(templates_id), name=VALUES(name), status=VALUES(status), modified=VALUES(modified), modified_users_id=VALUES(modified_users_id), created=VALUES(created), created_users_id=VALUES(created_users_id), sort=VALUES(sort);
INSERT INTO `pages` (id, parent_id, templates_id, name, status, modified, modified_users_id, created, created_users_id, sort) VALUES('1074', '1015', '29', 'sub-page', '1', '2013-08-08 11:50:24', '41', '2013-08-08 11:33:00', '41', '0') ON DUPLICATE KEY UPDATE id=VALUES(id), parent_id=VALUES(parent_id), templates_id=VALUES(templates_id), name=VALUES(name), status=VALUES(status), modified=VALUES(modified), modified_users_id=VALUES(modified_users_id), created=VALUES(created), created_users_id=VALUES(created_users_id), sort=VALUES(sort);
INSERT INTO `pages` (id, parent_id, templates_id, name, status, modified, modified_users_id, created, created_users_id, sort) VALUES('1007', '22', '2', 'selector-test', '1', '2013-04-25 13:21:03', '41', '2013-04-25 13:21:03', '41', '3') ON DUPLICATE KEY UPDATE id=VALUES(id), parent_id=VALUES(parent_id), templates_id=VALUES(templates_id), name=VALUES(name), status=VALUES(status), modified=VALUES(modified), modified_users_id=VALUES(modified_users_id), created=VALUES(created), created_users_id=VALUES(created_users_id), sort=VALUES(sort);
INSERT INTO `pages` (id, parent_id, templates_id, name, status, modified, modified_users_id, created, created_users_id, sort) VALUES('1008', '22', '2', 'export-site-profile', '1', '2013-04-25 13:22:01', '41', '2013-04-25 13:22:01', '41', '4') ON DUPLICATE KEY UPDATE id=VALUES(id), parent_id=VALUES(parent_id), templates_id=VALUES(templates_id), name=VALUES(name), status=VALUES(status), modified=VALUES(modified), modified_users_id=VALUES(modified_users_id), created=VALUES(created), created_users_id=VALUES(created_users_id), sort=VALUES(sort);
INSERT INTO `pages` (id, parent_id, templates_id, name, status, modified, modified_users_id, created, created_users_id, sort) VALUES('1009', '1', '43', 'widgets', '1025', '2013-07-29 09:39:56', '41', '2013-06-24 21:39:35', '41', '4') ON DUPLICATE KEY UPDATE id=VALUES(id), parent_id=VALUES(parent_id), templates_id=VALUES(templates_id), name=VALUES(name), status=VALUES(status), modified=VALUES(modified), modified_users_id=VALUES(modified_users_id), created=VALUES(created), created_users_id=VALUES(created_users_id), sort=VALUES(sort);
INSERT INTO `pages` (id, parent_id, templates_id, name, status, modified, modified_users_id, created, created_users_id, sort) VALUES('1010', '2', '2', 'settings', '1025', '2013-06-25 21:31:13', '41', '2013-06-25 21:28:42', '41', '6') ON DUPLICATE KEY UPDATE id=VALUES(id), parent_id=VALUES(parent_id), templates_id=VALUES(templates_id), name=VALUES(name), status=VALUES(status), modified=VALUES(modified), modified_users_id=VALUES(modified_users_id), created=VALUES(created), created_users_id=VALUES(created_users_id), sort=VALUES(sort);
INSERT INTO `pages` (id, parent_id, templates_id, name, status, modified, modified_users_id, created, created_users_id, sort) VALUES('1011', '1010', '2', 'position', '1', '2013-06-25 21:31:41', '41', '2013-06-25 21:29:51', '41', '0') ON DUPLICATE KEY UPDATE id=VALUES(id), parent_id=VALUES(parent_id), templates_id=VALUES(templates_id), name=VALUES(name), status=VALUES(status), modified=VALUES(modified), modified_users_id=VALUES(modified_users_id), created=VALUES(created), created_users_id=VALUES(created_users_id), sort=VALUES(sort);
INSERT INTO `pages` (id, parent_id, templates_id, name, status, modified, modified_users_id, created, created_users_id, sort) VALUES('1012', '1011', '2', 'left', '1', '2013-06-25 21:32:45', '41', '2013-06-25 21:30:31', '41', '0') ON DUPLICATE KEY UPDATE id=VALUES(id), parent_id=VALUES(parent_id), templates_id=VALUES(templates_id), name=VALUES(name), status=VALUES(status), modified=VALUES(modified), modified_users_id=VALUES(modified_users_id), created=VALUES(created), created_users_id=VALUES(created_users_id), sort=VALUES(sort);
INSERT INTO `pages` (id, parent_id, templates_id, name, status, modified, modified_users_id, created, created_users_id, sort) VALUES('1013', '1011', '2', 'right', '1', '2013-06-25 21:32:30', '41', '2013-06-25 21:32:11', '41', '1') ON DUPLICATE KEY UPDATE id=VALUES(id), parent_id=VALUES(parent_id), templates_id=VALUES(templates_id), name=VALUES(name), status=VALUES(status), modified=VALUES(modified), modified_users_id=VALUES(modified_users_id), created=VALUES(created), created_users_id=VALUES(created_users_id), sort=VALUES(sort);
INSERT INTO `pages` (id, parent_id, templates_id, name, status, modified, modified_users_id, created, created_users_id, sort) VALUES('1014', '1009', '44', 'awsome-text', '1', '2013-08-03 09:15:28', '41', '2013-06-25 21:43:03', '41', '0') ON DUPLICATE KEY UPDATE id=VALUES(id), parent_id=VALUES(parent_id), templates_id=VALUES(templates_id), name=VALUES(name), status=VALUES(status), modified=VALUES(modified), modified_users_id=VALUES(modified_users_id), created=VALUES(created), created_users_id=VALUES(created_users_id), sort=VALUES(sort);
INSERT INTO `pages` (id, parent_id, templates_id, name, status, modified, modified_users_id, created, created_users_id, sort) VALUES('1015', '1', '29', 'my-new-page', '1', '2013-08-08 17:49:09', '41', '2013-06-25 21:45:10', '41', '3') ON DUPLICATE KEY UPDATE id=VALUES(id), parent_id=VALUES(parent_id), templates_id=VALUES(templates_id), name=VALUES(name), status=VALUES(status), modified=VALUES(modified), modified_users_id=VALUES(modified_users_id), created=VALUES(created), created_users_id=VALUES(created_users_id), sort=VALUES(sort);
INSERT INTO `pages` (id, parent_id, templates_id, name, status, modified, modified_users_id, created, created_users_id, sort) VALUES('1016', '1009', '44', 'an-other-text-document', '1', '2013-08-03 09:15:59', '41', '2013-06-26 18:12:17', '41', '1') ON DUPLICATE KEY UPDATE id=VALUES(id), parent_id=VALUES(parent_id), templates_id=VALUES(templates_id), name=VALUES(name), status=VALUES(status), modified=VALUES(modified), modified_users_id=VALUES(modified_users_id), created=VALUES(created), created_users_id=VALUES(created_users_id), sort=VALUES(sort);
INSERT INTO `pages` (id, parent_id, templates_id, name, status, modified, modified_users_id, created, created_users_id, sort) VALUES('1073', '2', '105', 'styles.min.css', '1025', '2013-07-11 17:59:59', '41', '2013-07-11 17:59:59', '41', '7') ON DUPLICATE KEY UPDATE id=VALUES(id), parent_id=VALUES(parent_id), templates_id=VALUES(templates_id), name=VALUES(name), status=VALUES(status), modified=VALUES(modified), modified_users_id=VALUES(modified_users_id), created=VALUES(created), created_users_id=VALUES(created_users_id), sort=VALUES(sort);

INSERT INTO `pages_access` (pages_id, templates_id, ts) VALUES('37', '2', '2013-07-01 20:02:30') ON DUPLICATE KEY UPDATE pages_id=VALUES(pages_id), templates_id=VALUES(templates_id), ts=VALUES(ts);
INSERT INTO `pages_access` (pages_id, templates_id, ts) VALUES('38', '2', '2013-07-01 20:02:30') ON DUPLICATE KEY UPDATE pages_id=VALUES(pages_id), templates_id=VALUES(templates_id), ts=VALUES(ts);
INSERT INTO `pages_access` (pages_id, templates_id, ts) VALUES('32', '2', '2013-07-01 20:02:30') ON DUPLICATE KEY UPDATE pages_id=VALUES(pages_id), templates_id=VALUES(templates_id), ts=VALUES(ts);
INSERT INTO `pages_access` (pages_id, templates_id, ts) VALUES('34', '2', '2013-07-01 20:02:30') ON DUPLICATE KEY UPDATE pages_id=VALUES(pages_id), templates_id=VALUES(templates_id), ts=VALUES(ts);
INSERT INTO `pages_access` (pages_id, templates_id, ts) VALUES('35', '2', '2013-07-01 20:02:30') ON DUPLICATE KEY UPDATE pages_id=VALUES(pages_id), templates_id=VALUES(templates_id), ts=VALUES(ts);
INSERT INTO `pages_access` (pages_id, templates_id, ts) VALUES('36', '2', '2013-07-01 20:02:30') ON DUPLICATE KEY UPDATE pages_id=VALUES(pages_id), templates_id=VALUES(templates_id), ts=VALUES(ts);
INSERT INTO `pages_access` (pages_id, templates_id, ts) VALUES('50', '2', '2013-07-01 20:02:30') ON DUPLICATE KEY UPDATE pages_id=VALUES(pages_id), templates_id=VALUES(templates_id), ts=VALUES(ts);
INSERT INTO `pages_access` (pages_id, templates_id, ts) VALUES('51', '2', '2013-07-01 20:02:30') ON DUPLICATE KEY UPDATE pages_id=VALUES(pages_id), templates_id=VALUES(templates_id), ts=VALUES(ts);
INSERT INTO `pages_access` (pages_id, templates_id, ts) VALUES('52', '2', '2013-07-01 20:02:30') ON DUPLICATE KEY UPDATE pages_id=VALUES(pages_id), templates_id=VALUES(templates_id), ts=VALUES(ts);
INSERT INTO `pages_access` (pages_id, templates_id, ts) VALUES('53', '2', '2013-07-01 20:02:30') ON DUPLICATE KEY UPDATE pages_id=VALUES(pages_id), templates_id=VALUES(templates_id), ts=VALUES(ts);
INSERT INTO `pages_access` (pages_id, templates_id, ts) VALUES('54', '2', '2013-07-01 20:02:30') ON DUPLICATE KEY UPDATE pages_id=VALUES(pages_id), templates_id=VALUES(templates_id), ts=VALUES(ts);
INSERT INTO `pages_access` (pages_id, templates_id, ts) VALUES('1074', '1', '2013-08-08 11:33:00') ON DUPLICATE KEY UPDATE pages_id=VALUES(pages_id), templates_id=VALUES(templates_id), ts=VALUES(ts);

INSERT INTO `pages_parents` (pages_id, parents_id) VALUES('2', '1') ON DUPLICATE KEY UPDATE pages_id=VALUES(pages_id), parents_id=VALUES(parents_id);
INSERT INTO `pages_parents` (pages_id, parents_id) VALUES('3', '1') ON DUPLICATE KEY UPDATE pages_id=VALUES(pages_id), parents_id=VALUES(parents_id);
INSERT INTO `pages_parents` (pages_id, parents_id) VALUES('3', '2') ON DUPLICATE KEY UPDATE pages_id=VALUES(pages_id), parents_id=VALUES(parents_id);
INSERT INTO `pages_parents` (pages_id, parents_id) VALUES('7', '1') ON DUPLICATE KEY UPDATE pages_id=VALUES(pages_id), parents_id=VALUES(parents_id);
INSERT INTO `pages_parents` (pages_id, parents_id) VALUES('22', '1') ON DUPLICATE KEY UPDATE pages_id=VALUES(pages_id), parents_id=VALUES(parents_id);
INSERT INTO `pages_parents` (pages_id, parents_id) VALUES('22', '2') ON DUPLICATE KEY UPDATE pages_id=VALUES(pages_id), parents_id=VALUES(parents_id);
INSERT INTO `pages_parents` (pages_id, parents_id) VALUES('28', '1') ON DUPLICATE KEY UPDATE pages_id=VALUES(pages_id), parents_id=VALUES(parents_id);
INSERT INTO `pages_parents` (pages_id, parents_id) VALUES('28', '2') ON DUPLICATE KEY UPDATE pages_id=VALUES(pages_id), parents_id=VALUES(parents_id);
INSERT INTO `pages_parents` (pages_id, parents_id) VALUES('29', '1') ON DUPLICATE KEY UPDATE pages_id=VALUES(pages_id), parents_id=VALUES(parents_id);
INSERT INTO `pages_parents` (pages_id, parents_id) VALUES('29', '2') ON DUPLICATE KEY UPDATE pages_id=VALUES(pages_id), parents_id=VALUES(parents_id);
INSERT INTO `pages_parents` (pages_id, parents_id) VALUES('29', '28') ON DUPLICATE KEY UPDATE pages_id=VALUES(pages_id), parents_id=VALUES(parents_id);
INSERT INTO `pages_parents` (pages_id, parents_id) VALUES('30', '1') ON DUPLICATE KEY UPDATE pages_id=VALUES(pages_id), parents_id=VALUES(parents_id);
INSERT INTO `pages_parents` (pages_id, parents_id) VALUES('30', '2') ON DUPLICATE KEY UPDATE pages_id=VALUES(pages_id), parents_id=VALUES(parents_id);
INSERT INTO `pages_parents` (pages_id, parents_id) VALUES('30', '28') ON DUPLICATE KEY UPDATE pages_id=VALUES(pages_id), parents_id=VALUES(parents_id);
INSERT INTO `pages_parents` (pages_id, parents_id) VALUES('31', '1') ON DUPLICATE KEY UPDATE pages_id=VALUES(pages_id), parents_id=VALUES(parents_id);
INSERT INTO `pages_parents` (pages_id, parents_id) VALUES('31', '2') ON DUPLICATE KEY UPDATE pages_id=VALUES(pages_id), parents_id=VALUES(parents_id);
INSERT INTO `pages_parents` (pages_id, parents_id) VALUES('31', '28') ON DUPLICATE KEY UPDATE pages_id=VALUES(pages_id), parents_id=VALUES(parents_id);
INSERT INTO `pages_parents` (pages_id, parents_id) VALUES('1009', '1') ON DUPLICATE KEY UPDATE pages_id=VALUES(pages_id), parents_id=VALUES(parents_id);
INSERT INTO `pages_parents` (pages_id, parents_id) VALUES('1010', '1') ON DUPLICATE KEY UPDATE pages_id=VALUES(pages_id), parents_id=VALUES(parents_id);
INSERT INTO `pages_parents` (pages_id, parents_id) VALUES('1010', '2') ON DUPLICATE KEY UPDATE pages_id=VALUES(pages_id), parents_id=VALUES(parents_id);
INSERT INTO `pages_parents` (pages_id, parents_id) VALUES('1011', '1') ON DUPLICATE KEY UPDATE pages_id=VALUES(pages_id), parents_id=VALUES(parents_id);
INSERT INTO `pages_parents` (pages_id, parents_id) VALUES('1011', '2') ON DUPLICATE KEY UPDATE pages_id=VALUES(pages_id), parents_id=VALUES(parents_id);
INSERT INTO `pages_parents` (pages_id, parents_id) VALUES('1011', '1010') ON DUPLICATE KEY UPDATE pages_id=VALUES(pages_id), parents_id=VALUES(parents_id);
INSERT INTO `pages_parents` (pages_id, parents_id) VALUES('1015', '1') ON DUPLICATE KEY UPDATE pages_id=VALUES(pages_id), parents_id=VALUES(parents_id);


INSERT INTO `session_login_throttle` (name, attempts, last_attempt) VALUES('admin', '9', '1375813825') ON DUPLICATE KEY UPDATE name=VALUES(name), attempts=VALUES(attempts), last_attempt=VALUES(last_attempt);

INSERT INTO `templates` (id, name, fieldgroups_id, flags, cache_time, data) VALUES('1', 'home', '1', '0', '0', '{\"useRoles\":1,\"noParents\":1,\"slashUrls\":1,\"label\":\"Home page\",\"roles\":[37]}') ON DUPLICATE KEY UPDATE id=VALUES(id), name=VALUES(name), fieldgroups_id=VALUES(fieldgroups_id), flags=VALUES(flags), cache_time=VALUES(cache_time), data=VALUES(data);
INSERT INTO `templates` (id, name, fieldgroups_id, flags, cache_time, data) VALUES('29', 'basic-page', '83', '0', '0', '{\"slashUrls\":1,\"label\":\"Basic Page\"}') ON DUPLICATE KEY UPDATE id=VALUES(id), name=VALUES(name), fieldgroups_id=VALUES(fieldgroups_id), flags=VALUES(flags), cache_time=VALUES(cache_time), data=VALUES(data);
INSERT INTO `templates` (id, name, fieldgroups_id, flags, cache_time, data) VALUES('43', 'widgets', '97', '0', '0', '{\"useRoles\":1,\"noParents\":1,\"childTemplates\":[44],\"slashUrls\":1,\"label\":\"Widgets (container for widgets)\",\"tags\":\"Widgets\",\"roles\":[37]}') ON DUPLICATE KEY UPDATE id=VALUES(id), name=VALUES(name), fieldgroups_id=VALUES(fieldgroups_id), flags=VALUES(flags), cache_time=VALUES(cache_time), data=VALUES(data);
INSERT INTO `templates` (id, name, fieldgroups_id, flags, cache_time, data) VALUES('44', 'widget-text', '98', '0', '0', '{\"noChildren\":1,\"parentTemplates\":[43],\"slashUrls\":1,\"pageLabelField\":\"title template.label position.title\",\"label\":\"Text widget\",\"tags\":\"Widgets\"}') ON DUPLICATE KEY UPDATE id=VALUES(id), name=VALUES(name), fieldgroups_id=VALUES(fieldgroups_id), flags=VALUES(flags), cache_time=VALUES(cache_time), data=VALUES(data);
INSERT INTO `templates` (id, name, fieldgroups_id, flags, cache_time, data) VALUES('105', 'MarkupCSScompress', '163', '8', '0', '{\"useRoles\":1,\"parentTemplates\":[2],\"slashUrls\":0,\"noGlobal\":1,\"noUnpublish\":1,\"roles\":[37]}') ON DUPLICATE KEY UPDATE id=VALUES(id), name=VALUES(name), fieldgroups_id=VALUES(fieldgroups_id), flags=VALUES(flags), cache_time=VALUES(cache_time), data=VALUES(data);
